0.01,"[ 12.  31.  14.  29.  20.  15.  40.  37.  73. 126.  25.  52.  53.  27.
  33.  66.  60.  60. 101. 184.  92.  84.  92. 118. 190. 199. 107.  50.
  59. 107. 115.  25.  17.  16.  13.  15.  11.  17.  13.  15.  23.  12.
  13.  17.  20.  17.  16.  25.  24.  21.  29.  29.  56. 124. 156. 125.
 200. 155. 141. 200.  61.  20.  59.  18.  52.  17.  17.  46.  18.  23.
  46.  21.  26.  21.  54.  53.  54.  54.  59.  55.  78.  67.  60. 125.
  76. 101.  96. 103. 145.  85.  82.  88. 112.  83. 108.  93.  84. 181.
 151. 172. 123. 117. 130. 200. 199.  27.  92. 170. 143.  90. 108.  67.
  67.  55. 171.  79.  71.  87.  69. 193. 168.  57.  72.  67.  29.  45.
  33.  33.  35.  43.  68.  67.  64.  44.  61.  63.  84.  62.  74.  68.
  51.  78.  77. 155.  85.  83.  64.  81. 150.  95.  93.  59.  67.  63.
  66.  88.  74.  81.  57.  47.  78. 114.  63.  65. 135.  57. 140.  80.
  45.  95. 124. 138.  85.  72. 130.  97.  45.  59.  79. 100. 124.  36.
  65.  50.  40.  83.  52.  61.  62. 106.  65.  85. 115.  42. 113.  38.
  37.  97.  79. 122.]"
0.01,"[ 10.  19.  20.  18.  36.  22.  29.  80.  23.  29. 103.  96.  30.  44.
  49. 136.  79. 162.  54.  65. 148.  60. 128.  33.  31.  33. 131.  71.
 106.  37.  41.  74.  98.  72.  41.  45.  74.  72.  73.  87. 200.  76.
 200. 199. 133. 122. 200. 107. 112. 200. 143.  73.  49.  37.  21.  20.
  22.  19.  14.  15.  27.  19.  15.  18.  17.  22.  16.  17.  18.  19.
  20.  17.  25.  16.  30.  18.  26.  28.  29.  40.  61. 122.  91. 200.
 200. 103.  72.  29.  26.  40.  37.  40.  38.  33.  76.  52.  81. 149.
  57.  32.  36.  62.  41.  47.  97.  56.  72. 200.  36.  43.  29.  27.
  28.  66.  59.  18.  16.  46.  11.  13.  19.  17.  42.  12.  12.  41.
  13.  17.  10.  38.  41.  39.  39.  45.  48.  55.  59.  56.  65. 150.
  69. 191. 200. 200. 135. 166. 200. 103. 179. 200. 152. 200. 200.  42.
  82.  34.  77. 168. 152. 190. 148. 173. 196. 125.  84. 101.  49.  46.
  26.  31.  32.  26.  19.  23.  27.  24.  26.  31.  24.  24.  28.  35.
  21.  34.  23.  37.  32.  38.  48.  38.  37.  46.  55.  38.  39.  35.
  32.  33.  90.  32.]"
0.01,"[ 19.  35.  17.  14.  16.  16.  23.  16.  34.  29.  66. 108. 148. 161.
 103.  80.  60.  59.  57.  51. 124. 111.  67.  73.  59. 103.  35.  32.
  39.  62.  60.  79.  57. 120.  27.  45.  23.  45.  32.  27.  13.  15.
  13.  11.  14.  13.  14.  11.  16.  11.  13.  14.  13.  10.  12.  14.
  13.  15.  19.  11.  15.  19.  14.  18.  23.  22.  30.  35. 115. 116.
 125.  69.  37.  36.  24.  24.  26.  33.  26.  11.  26.  18.  20.  22.
  16.  14.  23.  20.  15.  21.  18.  16.  20.  40.  19.  41.  34.  71.
  36.  51.  37.  62.  58.  72. 140.  86.  87.  57. 101.  79. 114.  64.
  64.  71.  56.  53. 125.  71.  44.  29.  35.  36.  74.  50.  35.  68.
 112.  71.  74.  37.  80. 116.  74.  58.  85.  73. 173.  45. 104.  74.
  44. 104.  54.  38.  44.  70.  49.  67.  24.  72.  35.  59.  29.  23.
  30.  39.  37.  20.  19.  20.  16.  24.  14.  19.  13.  12.  15.  15.
  12.  12.  14.  15.  18.  15.  15.  21.  22.  17.  16.  19.  14.  17.
  22.  20.  28.  17.  41.  36.  23.  43.  20.  47.  43.  47.  75.  34.
  52.  37.  54.  63.]"
0.01,"[ 15.  17.  23.  58.  69. 168.  60. 147.  81. 195.  10.  10.  14.   9.
  10.  10.   9.  14.  11.  14.   9.  11.  11.  14.  11.  15.  13.  15.
  12.  11.  18.  13.  16.  15.  19.  16.  20.  35.  13.  36.  22.  46.
  68. 200.  69. 200.  97.  74. 197. 124. 200.  14.  11.  11.   9.  13.
  13.  10.  11.  11.  11.  13.  11.  15.  10.  11.  12.   9.  10.  15.
   9.  10.  16.  15.  12.  10.  11.  12.  18.  16.  12.  15.  17.  17.
  14.  21.  17.  20.  18.  26.  26.  18.  20.  25.  37.  38.  37.  39.
  93. 200. 200. 200. 127. 200. 150. 181. 185.  46.  66.  49. 200. 168.
 124. 121. 130.  90.  74. 126.  71.  93.  89. 113. 118. 175. 200.  71.
 117. 111.  98. 124. 128. 151. 200. 133.  60.  66.  51.  34.  47.  30.
  66.  39.  96.  93. 121.  80.  94.  52. 133. 116.  94. 110.  59.  57.
  57.  34.  43.  56.  86. 142. 106.  70.  96.  66.  45.  38.  49.  33.
  38.  50.  47.  29.  37.  65.  23.  35.  60.  32.  49.  30.  26.  41.
  30.  44.  36.  28.  38.  25.  38.  24.  22.  33.  28.  31.  19.  26.
  20.  18.  18.  25.]"
0.01,"[ 11.  13. 102. 126.  26.  56.  28.  82.  84.  56.  70.  56. 176.  29.
  13.  12.  14.  18.  16.  14.  19.  12.  20.  21.  19.  21.  27.  27.
  41.  58. 143. 133.  56.  64.  60. 143. 143. 179. 127.  55.  79.  57.
  48.  85.  17.  15.  15.  14.  12.  12.  10.  11.  15.  12.  10.   9.
  11.  11.  16.  12.  12.  18.  10.  14.  15.  10.  12.  24.  16.  14.
  13.  16.  14.  21.  30.  25.  26.  44. 120.  22.  21.  29.  23.  34.
  32.  67.  40. 113. 130.  62.  52. 113. 111.  51.  40.  80.  63.  67.
 132.  72. 102.  78. 146.  55.  81.  58.  88.  72.  73.  67.  63.  69.
 149. 124. 116.  65.  75. 103.  65.  74.  89. 117.  36.  24.  27.  19.
  26.  20.  13.  22.  13.  23.  12.  12.  18.  14.  16.   9.  11.  12.
  12.  12.  16.  14.  15.  13.  14.  15.  12.  13.  13.  19.  13.  12.
  18.  18.  14.  15.  17.  23.  16.  15.  22.  20.  23.  22.  33.  37.
  28.  36.  46.  88.  62.  79.  78. 153. 200.  35.  25.  58.  54. 145.
 134. 160. 149. 200.  68. 180. 195.  22.  31.  34.  23.  24.  25.  18.
  14.  15.  14.  15.]"
0.01,"[ 27.  10.  24.  23.  33.  20. 135.  62.  29.  44.  70.  15.  17.  17.
  18.  16.  18.  18.  13.  14.  17.  16.  24.  20.  13.  21.  26.  17.
  23.  31.  23.  31.  29.  33.  38.  31.  47.  46.  48.  48. 106.  81.
  44. 200.  12.  13.  10.  11.   8.  11.  10.   9.  10.   9.   9.   9.
   9.   9.   9.  11.   9.  11.  12.  11.   9.   9.  10.  10.   9.  11.
  13.  12.  12.   9.  12.  11.  10.  11.  14.  14.  14.  16.  17.  13.
  19.  19.  17.  28.  15.  18.  31.  20.  37.  52.  27.  84. 140.  50.
  87. 184.  54.  49.  39.  85.  54.  84. 102.  81.  82.  91. 130.  66.
  72.  70. 108.  64.  97.  41.  88. 148.  78.  89. 106.  89.  27.  34.
  24.  23.  36.  37.  41.  39.  30.  47. 113.  33.  85.  77.  77. 107.
 136. 135.  82.  81.  29.  33.  51.  43.  49.  69.  94.  91.  48. 144.
  49.  61.  59.  77.  85. 182. 157.  95. 131. 125. 184. 123. 115.  56.
 153. 101. 200.  94. 118. 115. 137. 200.  52.  82.  34.  64.  68.  69.
  64.  38.  34.  35.  52.  26.  20.  30.  14.  24.  15.  14.  20.  15.
  13.  12.   9.  13.]"
0.01,"[128. 104.  41.  32.  30.  20.  56.  16.  32.  17.  43.  20.  36.  24.
  25.  24.  23.  31.  28.  28.  43.  39. 100.  83.  56.  58. 119. 136.
 200.  41.  37.  32.  29.  28.  30.  38.  21.  27.  28.  30.  21.  30.
  27.  26.  22.  25.  22.  32.  38.  32.  42.  33.  67.  15.  22.  72.
  71.  85. 134. 200. 200.  80.  66.  48.  73.  30.  38.  37.  33.  46.
  36.  48.  44. 109.  55. 113.  58.  57.  54.  60.  42.  84.  73.  61.
  40.  85.  72. 104.  47.  93.  48.  44.  48.  71.  89. 152.  23.  21.
  24.  23.  27.  16.  20.  18.  16.  16.  16.  17.  11.  22.  19.  18.
  11.  21.  17.  12.  13.  21.  17.  20.  13.  20.  27.  20.  23.  18.
  18.  31.  31.  40.  90. 125. 200. 200. 199.  96.  43.  22.  23.  25.
  21.  30.  24.  24.  37.  26.  30.  34.  24.  37.  38.  33.  33.  36.
  43.  33.  93.  26.  63.  54.  79.  60.  49.  90.  95. 126.  30.  42.
  58.  55.  43. 148.  81.  82.  76.  75.  62. 108. 122.  92.  67.  74.
  83.  61.  69.  90.  61.  62. 152.  69. 117. 105. 112. 114.  93. 183.
  68. 109. 170.  97.]"
0.01,"[ 43.  23.  17.  14.  25.  24.  30.  26.  79.  42.  58.  45.  35.  30.
  34.  21.  30.  29.  55.  42.  95.  72.  85.  35. 116. 149. 200. 182.
 200.  66.  51. 151.  75.  36.  37.  37.  46.  66.  59.  54.  92.  69.
  43.  58.  49.  64.  57.  73.  34.  76.  61.  86.  76. 190. 185.  76.
  48.  62.  90.  95.  37. 165.  59.  51.  67. 120.  73.  44.  82.  81.
  81. 200.  76.  35.  53.  32.  38. 146.  93.  55. 151.  96.  64.  48.
  64.  39.  27.  35.  44.  19.  33.  20.  18.  31.  27.  20.  19.  24.
  14.  17.  14.  20.  13.  14.  17.  17.  16.  10.  19.  12.  17.  17.
  13.  18.  17.  14.  23.  18.  21.  22.  19.  23.  21.  19.  19.  32.
  37.  37.  37. 128. 131.  70. 200.  38.  28.  33.  29.  23.  34.  28.
  35.  35.  28.  32.  28.  32.  42.  38.  38.  41.  31.  37.  29.  40.
  69.  34.  28.  34.  33.  75.  30.  72.  32.  35.  74.  64.  68.  71.
  60.  31.  22.  55.  63.  54.  50.  55.  51.  55.  44.  96. 200. 200.
  21.  25.  15.  19.  23.  17.  16.  24.  26.  22.  28.  18.  23.  36.
  84.  84. 103. 129.]"
0.01,"[ 13.  49.  32.  22.  17.  18.  50. 112.  39.  23.  26.  25.  19.  16.
  18.  14.  13.  23.  12.  27.  20.  28.  30.  37.  15.  29.  20.  28.
  28.  38.  36.  50.  23.  32.  95.  96.  42.  94.  62.  22. 180.  24.
  24.  28.  21.  18.  32.  17.  24.  29.  21.  19.  19.  22.  54.  17.
  65.  12.  17.  12.  15.  18.  13.  55. 200.  66.  18.  61. 167. 122.
 127.  88. 104. 114. 131.  82. 117. 100. 119. 101. 136. 198.  77.  50.
  66.  39.  33.  33.  38.  39.  79.  93.  63.  74.  89.  55.  60.  78.
  74.  48.  64.  47.  93.  59.  73.  88.  84.  37.  91.  47.  67.  91.
 112.  45.  81.  42.  80.  56.  24.  58.  56.  56. 102. 106.  50.  47.
  49.  88. 114.  77.  89. 200.  29.  18.  14.   9.  14.  14.  13.  13.
  15.  17.  10.  14.  12.  11.  12.  16.  16.  17.  17.  16.  24.  11.
  14.  16.  15.  26.  22.  26.  22.  24.  33.  42.  31. 143.  54.  61.
  88.  66.  61.  99. 129.  66. 108.  46.  42. 192.  53.  30.  24.  27.
  31.  30.  26.  20.  25.  23.  16.  24.  21.  13.  24.  15.  15.  25.
  18.  41.  26.  32.]"
0.01,"[ 35.  11.  22.  35.  21. 137.  38. 123.  79.  45.  98. 108. 108. 106.
  77.  21.  70.  54.  63.  65. 150. 100. 122.  93. 200.  21.  21.  13.
  14.   9.  11.  10.  11.  12.  10.  10.   9.  12.  13.  14.  12.  12.
  13.  11.  12.  14.  12.  18.  22.  22.  26.  19.  34.  58.  77.  51.
  73.  98. 116.  71. 110.  97. 170.  85.  69.  51.  68. 134.  90.  88.
 109. 133. 100. 112. 102.  75. 157. 103.  35.  24.  27.  23.  18.  17.
  28.  14.  14.  16.  11.  16.  14.  11.  10.  12.  13.  16.  13.  15.
  14.  17.  13.  17.  17.  13.  12.  22.  26.  21.  17.  25.  20.  30.
  29.  25.  22.  31.  33.  28.  67.  92. 200.  59. 200. 134.  26.  80.
  72.  78.  77. 171. 114.  81. 101.  60.  97. 108.  68.  52.  53.  26.
  20.  23.  17.  10.  15.  17.  10.  15.  15.  14.  15.  13.  14.  10.
  11.  11.  14.  12.  15.  11.  15.  17.  17.  15.  17.  21.  18.  22.
  29.  27.  23.  27.  24.  33.  58.  81. 118. 114.  63.  96.  49.  95.
  77. 176. 129. 119.  44.  77.  61.  55. 130.  95. 146. 100. 115.  52.
  60.  54.  87.  55.]"
0.05,"[ 23.  37. 101. 111.  89. 200.  84.  36.  27.  47.  39.  51.  49.  78.
  69. 152.  17.  11.  10.  10.  10.  11.  13.  13.  17.  13.  16.  25.
  21.  22.  29. 104.  78.  68. 179. 157.  54.  41. 200. 160.  15.  18.
  16.  14.  15.  26.  25.  26.  23.  31.  18.  20.  22.  22.  32.  35.
  33.  79.  77.  92.  94.  87.  84.  83. 104. 116. 101. 116. 108. 127.
  20.  26.  18.  17.  18.  23.  23.  19.  21.  22.  23.  18.  21.  19.
  19.  17.  21.  22.  27.  22.  28.  23.  23.  25.  32.  25.  29.  61.
  25.  27.  58.  26.  52.  50.  63.  72.  88. 172.  21.  20.  20.  24.
  22.  19.  23.  21.  37.  24.  50.  69.  99. 105.  94. 102. 109. 107.
 123.  44.  78. 116.  95. 105.  77.  59.  91. 104. 108. 102. 102. 104.
 116.  81.  84.  95. 108. 102. 136.  92. 177.  41.  75. 105.  74.  96.
  91.  80.  91.  85. 102.  91.  67.  86.  72.  84.  52.  63.  63. 136.
 173.  30.  81. 118. 144.  38.  36.  45. 171. 172. 196. 134.  50. 104.
 200. 107. 103.  91. 128. 124. 148. 135. 122.  85. 106. 124. 141. 123.
 157. 144. 106. 147.]"
0.05,"[ 11.  14.  23. 136. 182.  63. 113. 155. 200. 200.   9.  10.   9.  10.
  10.   9.  10.  10.  10.  10.  10.   8.   9.  10.  10.  10.  10.   9.
  10.   9.   9.  10.   9.  10.  10.  10.  10.   8.  10.  10.   9.  10.
  10.   9.  10.  10.   9.  10.   9.   8.   8.   8.  10.  10.  10.  10.
   8.  10.   9.  10.  11.   9.   8.  10.   8.  10.   9.  10.  10.   8.
   9.   8.   8.   9.  10.   9.  11.  11.  11.  11.  10.   9.  10.  12.
  11.  10.  14.  12.  16.  13.  10.  14.  13.  17.  17.  23.  13.  17.
  28.  16.  20.  21.  40.  59.  82.  39.  36.  55.  83.  68.  65.  63.
 172. 200. 112. 200.   9.  11.   8.  10.   8.  10.   8.  10.   9.  11.
   9.   9.  10.   8.  10.   9.   9.  11.   8.  10.   8.   8.   8.  10.
   8.   9.  10.  11.  10.   9.   9.  11.   9.   9.   8.  11.  11.  10.
  12.  10.   8.  12.  11.   9.  12.  10.  11.   9.   9.  10.  10.   9.
  11.  12.  10.   9.   9.  12.  10.  10.   9.  11.  10.   8.  12.  10.
  12.  11.  13.  10.  12.   9.  10.  13.   9.  10.  12.  12.  10.  10.
  11.   9.  12.  11.]"
0.05,"[ 14.  36.  13.  20.  15.  20.  16.  16.  23.  23.  47. 125.  16.  24.
  27.  18.  18.  18.  24.  23.  26.  27.  27.  46.  67. 103.  77.  90.
 176.  78.  91. 103.   9.  11.  10.  18.  21.  18.  14.  15.  16.  22.
  24.  32.  38.  86.  61.  69.  31.  40.  47.  50.  42. 110.  34.  45.
  40.  81.  67.  98.  76.  74.  71.  76. 131.  89.  83.  91. 103. 120.
 121. 106. 101. 173.  65. 200.  76.  39.  28.  49.  57.  67.  59.  38.
 184.  54.  52.  50.  44.  45.  69.  46.  68.  40.  46.  58.  48.  46.
  48.  33.  46.  42.  48.  44.  45.  58.  40.  60.  55.  56.  35.  52.
  46.  47.  50.  70.  52.  79.  67.  64.  65.  61.  65.  50.  95. 105.
 200. 144.  95. 135.  51.  40.  82.  62.  38.  50.  76.  35.  40.  89.
  78.  33.  27.  39.  19.  18.  16.  14.  13.  12.  15.  13.  11.  13.
   9.  19.  15.  12.  11.  12.  14.  13.  23.  15.  16.  15.  17.  15.
  25.  28.  17.  28.  31.  35.  41.  55.  36.  52.  61.  50.  66.  74.
 146. 175.  84.  70.  57.  67.  80.  92. 115. 117. 128.  60. 123.  49.
  58.  70.  43.  30.]"
0.05,"[ 54.  23.  30.  29.  26.  68. 138.  10.  10.  10.   8.  10.   9.   9.
   9.  10.   9.   9.   9.   8.   9.  10.   9.   9.   9.  10.   9.   8.
  10.   9.   8.  10.  10.   8.   9.   9.   8.   9.  10.   9.   9.   9.
   9.   9.   9.  10.   9.  10.  10.   9.  10.  10.   9.  10.  10.  10.
   9.   8.  10.  10.  10.  10.   9.  10.   9.  10.   9.   9.  10.   9.
  10.  10.   9.  10.   9.  10.  10.  10.   9.  10.  10.  10.  11.   9.
   8.  10.  10.  10.  10.   9.   8.   9.  10.   8.  10.   9.   9.   9.
  10.  11.  10.   9.  10.   9.   8.   9.  11.  10.   9.  10.  10.  10.
   9.   9.  10.  10.  10.   9.   9.   9.   9.  10.   9.   9.   9.  10.
   9.   9.  10.  10.  10.   9.   8.   8.   8.  10.   9.   9.   9.   9.
   9.   9.   9.  10.   9.  10.   9.   9.   9.   9.   9.   9.  10.  10.
  10.  10.  10.  10.   8.   9.   9.  10.   9.  10.   9.  10.  10.  10.
   9.  10.  11.  10.   9.  10.  10.   9.   8.   9.   9.   8.   9.  10.
   9.   9.  10.   9.  10.   9.  10.  10.   8.   9.   9.  10.   9.   9.
   9.   8.   9.  10.]"
0.05,"[ 43.  22.  10.  11.   9.  13. 139.  11.   8.  11.  10.  10.   9.  12.
  12.   9.  10.  11.  11.  12.  11.  13.  12.  12.  15.  13.  14.  15.
  11.  11.  13.  13.  15.  14.  11.  11.  12.  14.  14.  15.  16.  14.
  13.  15.  14.  16.  14.  17.  16.  12.  15.  17.  18.  14.  13.  18.
  19.  17.  19.  18.  15.  18.  19.  23.  21.  24.  20.  21.  25.  32.
  27.  23.  24.  22.  19.  25.  28.  27.  22.  31.  35.  33.  27.  32.
  39.  29.  33.  25.  34.  43.  36.  29.  46.  48.  40.  50.  46.  80.
  63.  85. 116. 130.  94. 143. 177. 200.  18.  17.  16.  23.  21.  19.
  18.  20.  22.  18.  19.  21.  20.  18.  20.  19.  19.  21.  19.  23.
  21.  18.  16.  22.  19.  19.  21.  22.  22.  16.  17.  17.  15.  19.
  19.  19.  20.  14.  18.  25.  21.  19.  21.  24.  18.  19.  23.  19.
  19.  17.  22.  20.  22.  20.  17.  20.  17.  19.  23.  21.  19.  21.
  19.  20.  19.  22.  19.  21.  19.  20.  21.  21.  15.  18.  20.  21.
  19.  16.  21.  18.  17.  21.  15.  18.  17.  20.  20.  18.  14.  19.
  20.  17.  18.  19.]"
0.05,"[ 14.  12. 101. 196.  17.  14.  13.  13.  12.  12.  14.  12.  15.  17.
  14.  14.  16.  15.  18.  19.  15.  15.  18.  21.  16.  15.  16.  16.
  13.  13.  13.  12.  16.  15.  13.  15.  19.  16.  17.  15.  13.  15.
  16.  15.  16.  14.  17.  16.  22.  22.  19.  20.  20.  22.  25.  27.
  27.  29.  31.  38.  46.  75.  59. 124. 100.  95.  88. 200. 158. 200.
  21. 200. 104.  44.  83. 107.  74.  85. 109.  55.  43.  93.  39.  60.
  91. 106.  70.  70.  55.  89.  99.  58.  21.  35.  17.  16.  12.  10.
  17.  10.  14.  16.  10.  14.  12.  10.  14.  11.  14.  14.  13.  15.
  18.  19.  21.  22.  28.  33.  27.  40.  30. 186. 142.  60.  33.  30.
  25.  62.  29.  30.  36.  58.  53.  36.  40. 134.  91. 113.  50. 117.
 107.  49.  59.  50.  66.  73.  62.  75.  96.  70.  48.  35.  57. 185.
  58.  66.  50.  78.  78.  94. 200.  96.  53.  66.  54.  49.  49.  55.
  63.  77.  72.  71.  94.  70.  61. 198.  77.  99.  69.  67.  60. 151.
  55.  44.  32.  56.  44.  47.  45.  30.  38.  39.  59.  28.  44.  30.
  91. 154.  57.  54.]"
0.05,"[ 13.  67.  95. 148. 194.  20.  42.  44.  60.  44.  31.  27.  23.  22.
  25.  26.  17.  12.  12.  10.  11.  13.  11.  15.  18.  14.  13.  15.
  14.  17.  16.  18.  19.  18.  19.  16.  17.  15.  18.  15.  18.  21.
  18.  16.  20.  19.  16.  21.  19.  19.  21.  20.  20.  20.  17.  20.
  21.  23.  19.  23.  22.  20.  20.  26.  20.  23.  20.  20.  25.  20.
  17.  23.  22.  20.  24.  19.  24.  26.  29.  57.  23.  50. 200.  53.
  20.  44.  62. 200.  11.  10.  35. 200. 138. 200. 200.  55. 200. 200.
 179.  69.  38.  99. 170.  62.  78. 115. 188.  73.  42.  82.  56.  30.
  51.  44.  31.  36.  18.  25.  22.  16.  16.  16.  12.  15.  16.  13.
   9.  10.  14.  13.  16.  13.  13.  15.  18.  15.  19.  19.  21.  20.
  12.  20.  17.  23.  23.  27.  42.  76.  78. 125. 148. 184. 158. 129.
 200. 182.  68. 200.  45.  59.  44.  20.  20.  48.  15.  42.  40.  21.
  50.  55.  47.  48.  40.  39.  38.  39.  40.  47.  43.  76. 200. 111.
  46. 200.  13.  13.  13.  13.  13.  14.  12.  13.  12.  13.  12.  13.
  14.  12.  11.  12.]"
0.05,"[ 23. 156.  58. 122.  35.  14.  14.  16.  16.  15.  14.  15.  11.  15.
  11.  14.  14.  12.  14.  11.  16.  12.  14.  14.  12.  13.  14.  13.
  13.  12.  16.  19.  12.  12.  14.  13.  15.  16.  14.  12.  15.  15.
  16.  16.  12.  17.  13.  18.  17.  19.  14.  17.  17.  14.  18.  16.
  17.  22.  29.  31.  32.  24.  34.  38.  53. 101.  61.  58. 200. 187.
 183. 110. 200.  14.  31.  37.  60.  98.  90.  44.  62.  27.  77.  45.
  90.  81.  96. 154. 112.  50.  46.  36.  34.  20.  22.  28.  30.  49.
  36.  35.  26.  29.  42.  54.  56.  16.  19.  24.  22.  36.  27.  44.
  24.  22.  54.  34. 104.  61.  62.  69. 159.  65.  43.  60.  74.  86.
  39. 107.  86.  77.  48.  40.  32.  47.  28.  27.  22.  23.  18.  23.
  25.  22.  18.  19.  22.  29.  25.  19.  18.  49.  20.  25.  24.  34.
  33.  40.  57. 180.  65.  61. 146.  63.  58.  84.  61. 161. 168. 200.
 159.  97. 133.  84.  85. 100.  55.  86. 110. 117. 131.  75.  93.  89.
 103. 121.  67. 108. 147.  90.  40.  36.  32.  30.  58.  68. 143.  52.
  65. 161.  97.  55.]"
0.05,"[ 10.  19.  13.  10.  16.  13.  45.  47. 132. 100. 149.  12.  11.   9.
  10.  12.  10.  11.   9.  10.  15.  16.  15.  28.  24.  27.  32.  90.
 107. 191. 200.  24.  52.  47.  56.  58. 105.  51.  50.  49.  43.  50.
 200. 200. 140. 102.  74.  63.  53. 156.  31.  34.  29.  21.  23.  13.
  15.   9.  10.  10.  13.  12.  10.  11.  13.  14.  11.   9.  12.  11.
  11.  13.  10.  13.  16.  11.  11.  14.  12.  16.  14.  21.  20.  20.
  21.  20.  19.  24.  19.  44.  41. 126. 142. 145. 139.  89.  88.  37.
  81. 100. 126.  81.  54.  54. 102. 106.  44. 147. 143. 179. 137.  88.
 105.  56.  63.  76.  53.  72.  94. 110. 101. 200.  75.  46.  48.  98.
  87.  30.  43.  20.  13.  18.  10.  11.  14.  11.  14.  11.   9.   9.
  12.  11.  10.   9.  12.   9.  14.  11.  15.  11.  15.  13.  15.  10.
  16.  16.  16.  13.  10.  16.  13.  13.  16.  11.  17.  17.  17.  17.
  25.  15.  28.  28.  16.  28.  19.  35.  23.  27.  27.  42.  47. 163.
  61.  62. 111.  72.  92.  74. 154. 112. 184. 127. 110.  70.  68.  74.
  52.  76.  84.  98.]"
0.05,"[ 13.  21.  30.  35.  69.  21.  35.  98.  18.  23.  24.  42.  40.  75.
  24.  26.  42.  45.  72.  60.  85.  30.  29.  49.  38.  36.  39.  37.
  56.  57. 104.  50.  64. 128. 109.  91.  82.  67.  15.   9.  12.   9.
  11.  10.  10.  11.  12.  11.  11.  12.  17.  15.  11.  11.  16.  13.
  16.  10.  14.  14.  12.  12.  14.  18.  19.  23.  23.  32.  46.  34.
  56.  39.  53.  74. 138.  52.  55.  56.  36.  56.  44.  52.  64.  49.
  80. 115.  62.  90.  28.  16.  15.  16.  11.  13.  15.  16.  11.  10.
  11.  12.  11.  12.  11.  15.  14.  13.  19.  14.  16.  19.  13.  13.
  19.  15.  21.  26.  17.  18.  19.  19.  19.  56.  56.  80.  62.  66.
  48.  63.  60.  53.  49.  60. 132.  62.  66.  36. 140.  72.  73. 191.
  50.  69.  74.  59.  77.  37.  44.  45.  60.  45. 102.  33.  40.  28.
  35.  65. 148.  71.  27.  19.  22.  26.  19.  12.  13.  15.  17.  18.
  15.  17.  14.  13.  12.  15.  11.  18.  13.  13.  16.  11.  18.  17.
  12.  17.  23.  15.  19.  15.  30.  17.  18.  18.  30.  35.  22.  35.
  77.  43.  50.  73.]"
0.1,"[ 64. 121. 171.  14.  28.  37.  12.  23.  10.  13.  17.  16.  16.  34.
  35. 110.  75.  63. 105.  63.  80.  44.  64.  59.  59. 103.  13.  11.
  13.  12.  12.  11.  13.  13.  12.  11.  11.  13.  10.  10.  12.  12.
  12.  13.  12.  13.  14.  13.  14.  12.  13.  14.  14.  18.  15.  13.
  14.  15.  14.  16.  13.  13.  17.  13.  16.  14.  12.  13.  15.  16.
  16.  16.  14.  15.  17.  13.  17.  17.  14.  13.  16.  14.  14.  14.
  15.  14.  17.  18.  16.  13.  17.  15.  21.  15.  20.  16.  19.  17.
  15.  16.  17.  16.  17.  16.  18.  18.  18.  16.  15.  16.  16.  15.
  19.  16.  16.  15.  16.  15.  16.  16.  19.  18.  20.  20.  22.  22.
  23.  22.  18.  20.  17.  17.  21.  23.  20.  24.  21.  20.  18.  21.
  20.  19.  19.  25.  24.  24.  24.  24.  25.  21.  23.  25.  24.  22.
  20.  27.  21.  29.  30.  31.  26.  32.  31.  34.  31.  27.  31.  32.
  61.  30.  62.  63.  68.  68.  75.  94. 159. 200. 156. 200.  53. 200.
 146.  34.  40.  33.  33.  30.  23.  23.  12.  17.  12.  16.  12.  13.
  16.  16.  19.  12.]"
0.1,"[125.  39.  51.  93.  25. 159.  16.  20.  16.  16.  18.  19.  25.  32.
  34.  28.  39.  52.  92. 200.  10.   9.  10.   9.  10.   9.  10.  11.
  10.  12.   9.   9.   9.  12.  12.  11.  10.  15.  12.  13.  16.  13.
  15.  15.  17.  18.  29.  38.  24.  21.  20.  27.  19.  73.  65.  41.
  59.  57.  86.  62. 105. 132. 185. 103.  27.  34.  29.  35.  34.  37.
  39.  44.  39.  52.  40.  50.  59.  65.  76.  64.  58.  68.  82.  70.
  95.  66.  74. 101.  37.  44.  53.  38.  39.  37.  76. 114. 108.  73.
  48.  47. 146.  62.  54.  42.  92.  48.  61.  53.  45. 123.  73.  97.
 200.  98.  76.  60. 200.  99.  67.  86.  40. 163.  56.  47.  68.  71.
 195.  82.  42.  68.  31.  37.  94.  76.  48.  41.  43.  55.  42.  50.
  67.  46.  57.  45.  61.  55.  53.  68.  57.  56.  45. 119.  48.  64.
  63. 179.  59.  58.  42.  80.  35.  30.  59. 150.  44.  28.  35.  48.
  49.  41.  58.  71.  60.  61. 200.  40.  15.  36.  29.  32.  30.  23.
  41.  18.  26.  21.  17.  25.  15.  24.  28.  22.  16.  20.  22.  18.
  26.  24.  30.  30.]"
0.1,"[ 13.  11.  98.  40.  10.  10.  80.  93.  41. 141.  46.  38.  39.  87.
 200.  88.  30.  33.  23.  29.  27.  67.  17.  29.  54. 131. 136.  95.
 196. 183.  87.  10.   9.   8.   9.  10.   8.  12.   9.  12.  14.  11.
  11.  14.  13.  16.  13.  14.  16.  25.  16.  26.  24.  23.  34.  32.
  39.  41.  68. 103.  48.  64.  66.  51. 106. 185.  60.  87.  66.  37.
  36.  40.  44.  76.  62.  65.  58.  62.  69.  89.  69.  65.  87.  78.
  66.  62.  69.  51.  34.  66.  52.  65.  52.  72. 110.  64.  54.  39.
  75.  44. 106.  58. 182.  64.  53.  69.  30.  40.  40.  35.  26. 125.
  61. 115.  60. 137.  63.  69.  69.  84. 154. 147.  72.  54.  57.  84.
  61.  51.  67.  60.  82.  41.  49.  35.  33.  50.  37.  32.  26.  28.
  44.  24.  22.  17.  17.  19.  16.  19.  19.  25.  18.  14.  19.  16.
  15.  22.  13.  17.  18.  17.  22.  23.  15.  20.  16.  21.  15.  23.
  21.  16.  16.  15.  18.  17.  11.  12.  14.  11.  19.  15.  18.  12.
  14.  15.  17.  13.  17.  17.  14.  13.  16.  18.  23.  22.  17.  26.
  22.  27.  20.  16.]"
0.1,"[ 76.   9.  95.  39.  76. 140. 148.  70. 135. 200.  72.  69. 127. 126.
  73.  70.  49.  61.  48.  81.  93.  56. 105.  64.  68.  61.  98.  30.
   9.   9.  10.  12.  12.  12.  11.  10.   9.  12.  11.  11.  11.  10.
  12.   9.  13.  10.   9.  10.   9.  13.  13.  12.  18.  12.  16.  19.
  21.  19.  22.  21.  18.  25.  18.  15.  24.  45.  39.  41.  89.  86.
  74.  93. 122.  81.  71.  41. 129.  68. 104.  55.  41.  40.  52.  53.
  44.  54.  43.  54.  68.  71. 164. 182.  52.  46.  78.  82.  89.  67.
  18.  20.  16.  20.  20.  20.  20.  24.  32.  29.  24.  22.  20.  30.
  28.  18.  30.  35.  19.  33.  37.  34.  23.  43.  20.  22.  27.  53.
  34.  33.  60.  33.  43.  48. 200.  49.  44.  71.  52.  61.  40.  73.
  55.  47.  33.  34.  28.  23.  33.  33.  29.  27.  51.  51.  46.  24.
  76.  48.  44.  31.  35.  32.  55.  54.  69.  77.  89. 200.  59.  39.
  53.  51.  58.  45.  54.  46.  45.  44.  82.  49.  47. 200.  56.  24.
  15.  30.  21.  22.  19.  15.  17.  15.  20.  15.  26.  30.  29.  26.
  32.  28.  40.  45.]"
0.1,"[ 39.  39.  34.  27.  12.  14.  10.  14.  10.   9.   9.   9.   9.   9.
   9.  10.   9.   9.  10.  10.   9.   9.  10.  10.  19.  42. 102.  10.
   9.   8.  10.   9.  10.   9.  11.  10.   9.  10.  10.   9.  10.  11.
  10.  10.  11.  20. 150.  27.  43.  33.  74.  92.  65.  72. 111.  63.
  74.  98. 168. 114.  18.  16.  14.  18.  16.  15.  12.  13.   9.  10.
  11.  10.  11.   9.   9.   9.  11.  13.   9.  10.  13.  11.  13.  11.
  13.  14.  17.  19.  20.  46.  14.  40.  42.  16.  40. 200.  21.  51.
  50.  50. 200. 200. 200.  58.  43.  56.  89.  62.  39.  37.  32.  69.
  39.  43.  27.  29.  32.  17.  17.  20.  14.  21.  16.  10.  16.  18.
  13.  13.  19.  20.  19.  26.  21.  41.  64. 105. 200.  93. 132. 200.
 173. 150. 171.  98.  70.  40.  36.  56.  26.  17.  20.  17.  16.  29.
  22.  24.  29.  19.  21.  35.  32.  33.  35.  26.  69.  54.  88.  63.
  34.  26.  24.  27.  17.  14.  12.  15.  12.  14.  13.  11.  15.  15.
  15.  15.  11.  15.  11.  14.  13.  14.  16.  14.  13.  18.  15.  18.
  26.  16.  19.  26.]"
0.1,"[ 71.  40. 137.  30.  39.  39.  74.  29.  41.  65.  52.  76.  63.  40.
  40.  46.  59. 107.  89.  76.  81. 130.  24.  17.  12.  11.  11.  13.
  18.  25.  14.  27.  24.  21.  19.  31.  24. 200.  49.  62. 140.  56.
 170.  81.  21.  38.  65.  31. 120.  61.  50.  79.  18.  45.  17.  19.
  19.  46.  18.  11.  38.  21.  19.  19.  46.  33.  52.  54.  61.  54.
  66.  66.  71.  63. 171. 200. 200.  15.  17.  25.  20.  26.  25.  32.
  24.  33.  38. 200. 200. 200. 114. 200.  87.  94. 114.  89. 100. 135.
 200. 121. 200.  18.  21.  18.  20.  20.  15.  20.  19.  14.  18.  22.
  15.  16.  17.  16.  16.  17.  19.  17.  17.  16.  20.  15.  14.  15.
  16.  23.  18.  48.  16.  41.  15.  38.  18.  39.  12.  39.  40.  40.
  17.  18.  15.  39.  20.  40.  43.  18.  44.  52.  54.  46.  53.  54.
  52.  91. 106.  53. 148. 200. 155. 157.  63.  58.  51.  93.  56. 163.
 200. 200. 200. 200. 200. 200.  83. 127. 173. 164. 200. 180.  68.  45.
  17.  14.  10.  10.   9.  10.  10.   9.  11.  13.   9.  11.  11.  12.
   8.  11.   9.  12.]"
0.1,"[106.  95.  40.  62.  48.  67.  10.   9.   9.  10.  12.  13.  27.  52.
  75.  23.  81.  92.  33.  74. 200.  44.  68.  90. 100. 200.  63.  20.
  12.   9.  16.  12.  13.  20.  24.  19.  19.  31.  61. 133.  92. 105.
 134.  66. 112.  81. 188. 163.  89.  38.  65.  61. 102.  98.  33.  29.
  33.  39.  37.  37.  31.  38.  31.  34.  34.  31.  36.  37.  36.  34.
  36.  39.  30.  39.  33.  39.  33.  32.  37.  38.  32.  31.  25.  34.
  34.  25.  24.  24.  28.  26.  24.  28.  26.  22.  25.  26.  26.  33.
  22.  22.  26.  24.  22.  20.  18.  22.  16.  16.  17.  21.  21.  20.
  19.  20.  21.  21.  22.  21.  26.  26.  30.  30.  29.  22.  20.  22.
  31.  22.  28.  30.  25.  35.  31.  32.  28.  46.  31.  57. 200.  25.
  22.  54.  50.  44.  51.  24.  43.  48.  56.  65.  58.  51.  63.  76.
  63.  65.  56.  57.  66.  65. 110.  79.  92. 117. 106. 172.  66. 175.
 124.  87. 101.  87.  94. 117.  93. 120.  54.  83.  78. 123. 107.  81.
 124.  61.  97.  82.  96.  37.  45.  51.  77.  34.  49.  34.  52.  35.
  88.  29.  34.  75.]"
0.1,"[ 98.  38.  92.  69. 135.  45.  51.  41.  73. 119.  69.  78.  47.  59.
  51.  53.  58.  88.  72.  76. 193. 169. 109.  61.  49.  51.  47.  36.
  71.  38.  55.  59.  47.  86.  45.  59.  69.  55.  64.  35.  51.  46.
  56.  27.  35.  19.  17.  15.  13.  10.  15.  12.  10.  11.  17.  13.
  12.  11.  11.  15.  17.  12.  14.  18.  16.  20.  16.  20.  16.  58.
  49.  97.  69.  47. 200.  60.  66. 111.  92.  95.  48.  70.  29.  28.
  17.  15.  12.  16.  14.  16.  14.  15.   9.  12.  15.  18.  25.  16.
  27.  16.  37.  16.  17.  30.  28.  37.  30.  62.  82.  60.  71.  38.
  37. 102.  52.  72. 164.  52.  71.  81.  55.  90.  82.  48. 180.  74.
  14.  46.  32.  26.  19.  24.  19.  11.  13.  10.  12.  11.  12.  11.
  12.  11.   9.   8.  13.  10.  10.  11.  13.  12.  15.  11.  17.  16.
  16.  12.  12.  18.  17.  14.  13.  12.  17.  16.  20.  14.  17.  18.
  18.  17.  27.  14.  21.  49.  40.  49. 146.  40.  40.  54.  92.  45.
  34.  34.  93.  59.  76.  43.  26.  45.  77.  55.  43.  54.  48.  37.
  53.  32.  40.  65.]"
0.1,"[ 90.  16.   9.   9.  11.   9.  11.   9.  10.  10.  10.  10.  10.   9.
  11.   9.   9.  11.   9.  11.   9.   9.   8.  10.   9.  10.   9.   9.
   8.  11.   9.  11.  15.  26.  71.  62.  24. 104.  46.  33. 149.  12.
  13.  10.  12.  12.  10.  13.   9.  10.   9.  12.  11.  11.  11.  10.
  11.  13.   9.  11.  11.  11.  10.  13.  11.  10.  10.  11.  13.  11.
  10.  12.  13.  10.  12.  12.  12.  13.  15.  11.  15.  12.  13.  11.
  13.  14.  13.  16.  14.  12.  13.  12.  14.  13.  12.  15.  15.  15.
  13.  15.  15.  13.  16.  14.  18.  15.  14.  17.  13.  16.  15.  14.
  18.  13.  15.  17.  18.  15.  16.  14.  15.  14.  16.  19.  14.  17.
  15.  17.  15.  20.  18.  18.  15.  19.  18.  17.  14.  15.  15.  15.
  19.  13.  13.  19.  16.  19.  18.  15.  16.  16.  18.  18.  21.  20.
  18.  19.  23.  20.  17.  22.  23.  25.  20.  20.  17.  20.  21.  17.
  25.  20.  21.  19.  19.  23.  20.  24.  21.  23.  20.  25.  20.  18.
  20.  20.  21.  19.  27.  16.  21.  22.  22.  23.  23.  24.  19.  24.
  29.  25.  20.  32.]"
0.1,"[ 11.  19.  24. 132.  58.  73.  14.  19.  25.  23.  30.  36.  46.  57.
 139.  73. 198. 141. 110. 115. 180. 137.  83. 200.  10.  10.  10.   9.
   9.  10.   9.  10.  10.   9.   9.   9.   9.   9.  10.   9.   8.   8.
   9.  11.  10.  10.  10.   9.   9.  11.  10.  10.  11.  10.   9.  11.
  10.  10.   9.   8.   9.  10.   8.  10.  10.  10.  10.   9.  11.   8.
  10.  11.  10.   8.   8.  10.  10.   9.   9.  11.  12.   8.  11.   8.
   9.   9.   9.   9.   9.   9.   9.  12.   9.  10.  12.  11.   9.   9.
  10.   9.  11.  12.  13.   9.  11.  12.  10.  10.   9.  13.  10.  13.
  10.  10.   9.  11.  13.  14.  15.  13.   9.  11.  12.  11.  13.  11.
  11.  15.  10.  11.  14.  10.  13.  12.  10.  11.  12.  16.  11.  12.
  13.  15.  10.  10.  13.  16.  10.  13.  13.  11.  17.  17.  11.  12.
  12.  17.  15.  18.  18.  19.  19.  14.  13.  14.  15.  20.  15.  19.
  19.  17.  20.  22.  19.  21.  18.  22.  25.  27.  19.  17.  18.  23.
  26.  28.  21.  22.  17.  22.  26.  23.  26.  22.  34.  35.  27.  56.
  16.  21.  22.  17.]"
0.01,"[ 22.  11.  15.  15.  79.  17.  37.  13.  59.  48.  89.  23.  34.  16.
  40.  58.  80.  79.  26. 162.  54.  54.  55.  93. 189.  44.  39.  30.
  21.  36.  39.  36.  37.  40.  34.  49.  44.  36.  53.  49.  60.  57.
  39.  42.  78.  53.  12.  14.  36.  18.  13.  11.  20.  21.  23.  21.
  45.  47.  22.  69.  71.  98. 200. 134. 200.  34. 189.  44. 200.  25.
  18.  22.  19.  15.  17.  13.  16.  16.  17.  13.  13.  15.  12.  15.
  11.  13.  14.  14.  15.  15.  13.  15.  12.  15.  13.  14.  13.  12.
  15.  16.  14.  14.  17.  13.  16.  13.  18.  19.  15.  15.  16.  17.
  13.  15.  15.  19.  20.  19.  20.  18.  19.  18.  16.  15.  18.  14.
  15.  19.  19.  19.  24.  19.  23.  19.  20.  20.  20.  17.  18.  55.
  52.  15.  16.  16.  49.  18.  27.  27.  46.  20.  17.  60.  58. 120.
  70. 200.  67.  50. 200. 200. 127. 200. 200. 200.  97. 200.  76. 200.
  86. 185. 140. 200. 117. 149.  75. 169. 200.  48.  56. 200.  81. 200.
 138. 147. 197. 200. 102. 200. 180. 200. 200. 153. 200. 200.  71.  81.
  57.  78.  36.  45.]"
0.01,"[ 25.  32.  47.  16.  42.  16.  92.  39.  15.  53. 123.  89.  50.  28.
  44.  36.  58. 104.  96.  64.  84. 100.  99.  98.  62.  26.  71.  55.
 134.  56.  76.  65.  70.  38.  29.  55. 105.  96.  87.  68.  29.  22.
  23.  21.  21.  51.  25.  54.  59. 200. 200. 200. 135.  95.  85.  78.
  70. 200.  30.  14.  12.  12.  16.  12.  13.  11.  12.  15.  19.  16.
  22.  20.  25.  26.  19.  35.  65. 135.  95.  87.  68.  67.  21.  13.
  24.  13.  14.  17.  14.  14.  17.  17.  19.  12.  20.  17.  17.  14.
  16.  24.  17.  19.  21.  15.  15.  15.  19.  22.  25.  26.  29.  26.
  41.  71.  85.  68.  73.  85.  65.  61.  76.  63.  75. 167.  83.  96.
 117.  73. 116.  60.  56.  40.  43.  31.  35.  39.  98. 148. 169. 172.
 107. 200. 154. 200. 117. 200. 100. 200. 200. 200.  83. 129. 200.  99.
 200. 114. 200. 200. 200. 105. 200.  76. 200.  50.  19.  81.  56.  50.
  84. 200.  52. 156. 200.  46.  35.  18.  38.  13.  42.  41.  22.  46.
  88. 139. 116. 200. 200. 200. 200. 200. 200. 200. 200. 200. 200. 189.
 200. 200. 200. 168.]"
0.01,"[ 17.  11. 104.  47. 123.  50.  26.  75.  22.  31.  25.  35.  32.  99.
  28.  80.  24.  68. 182. 172. 143.  29.  31.  42. 200.  94.  55.  59.
  91. 200.  37.  16.  13.   9.  10.  10.  12.  11.  10.  10.  13.  10.
  16.  13.  12.  18.  21.  39.  57. 200. 199. 107. 169. 134.  91.  98.
 138. 158.  76.  81.  75.  63.  57. 200. 200. 200. 199.  68. 117.  55.
 200. 200. 193.  88. 181. 200.  66.  49.  48.  18.  47.  18.  50.  57.
 200. 200. 119. 200. 177. 200. 108. 200. 200. 200. 134. 200. 143. 200.
  64.  22.  65.  52. 113.  65.  82.  78. 101. 127.  24.  17.  36.  41.
  49.  70. 200. 145. 200.  67.  63.  63.  69.  70.  66.  68.  72.  89.
  73.  71.  81.  93.  83. 191.  17.  17.  24.  25.  17.  29.  21.  20.
  23.  22.  27.  19.  27.  24.  17.  20.  24.  26.  27.  28.  31.  40.
  54. 188. 200.  37.  70.  52.  71.  53.  42.  52.  57.  49.  37.  35.
  30.  27.  44.  63.  42.  62.  48.  58.  55.  35.  39.  38.  40.  37.
  40.  32.  21.  23.  26.  31.  19.  26.  20.  21.  25.  27.  27.  23.
  23.  22.  30.  21.]"
0.01,"[ 15.  26. 117.  37.  53.  20.  22.  22.  37.  46.  47.  68.  34. 146.
  92.  21.  27. 118. 128. 121. 117.  51.  34.  61. 138.  63.  81. 134.
  19.  19.  10.  12.  15.  15.  14.  16.  12.  13.  13.  11.  12.  16.
  20.  18.  20.  22.  16.  52.  44. 106.  71.  52.  75.  42.  82. 129.
 165. 115.  84. 106.  60.  51.  47.  51.  59.  58.  91.  67.  71.  26.
 124.  38.  29.  30.  56.  29.  33.  59.  60.  89. 125.  49.  47.  33.
  45.  46.  69. 116.  99. 149.  99. 191.  49.  92. 183.  44.  38.  20.
  24.  22.  11.  13.  15.  12.  11.   9.  12.  11.  13.  11.  15.  11.
  14.  14.  11.  13.  18.  10.  17.  15.  17.  12.  15.  14.  21.  19.
  22.  31.  18.  17.  26.  31.  32.  81. 200. 103. 121. 100.  49.  35.
  67.  64.  99.  80. 124.  42. 163.  67.  54.  94.  56.  37.  55.  60.
  47.  35.  29.  29.  57.  25.  35.  26.  42.  39.  23.  34.  29.  32.
  13.  20.  20.  16.  25.  17.  20.  17.  16.  19.  21.  13.  18.  23.
  27.  26.  13.  15.  14.  22.  17.  29.  32.  31.  34.  39.  54. 106.
  76.  46. 200.  47.]"
0.01,"[ 17. 100.  38.  53.  20.  17.  28.  70.  24.  81.  34.  39. 108. 108.
  78.  34.  29.  21.  32.  31.  27.  28.  28.  83.  32. 102. 194. 110.
  64.  67. 127.  75. 150. 130.  46.  57.  79.  18.  18.  13.  14.  13.
  23.  10.  18.  14.  12.  12.  13.  13.  16.  15.  14.  21.  17.  23.
  30.  26.  44.  75.  82.  42.  44.  52.  37.  68.  49.  53. 151.  56.
  64.  73. 157. 143. 200.  49. 104. 120.  44.  31.  21.  22.  11.  12.
  12.  11.  10.  11.  16.  14.  10.  13.  16.  19.  16.  16.  15.  16.
  11.  11.  17.  18.  19.  26.  22.  17.  16.  27.  30.  41.  45.  86.
  78.  45. 179. 116. 135. 107.  43.  96.  80.  74.  96.  56.  78.  51.
  94.  63.  44. 147.  76. 135.  57.  24.  46.  43.  45.  42.  43.  45.
  65.  43.  50.  54.  78.  73.  79.  72.  89.  83.  67.  65.  48.  49.
  77.  46. 114. 118. 120.  67.  85.  79.  64.  77.  60.  54.  77. 118.
  58. 107.  70.  60. 102.  80.  88.  69.  53.  49.  53.  53.  43.  31.
  45.  27.  40.  21.  17.  21.  18.  24.  22.  16.  18.  16.  16.  15.
  18.  17.  15.  20.]"
0.01,"[ 28.  12.  42.  15.  27.  21.  55.  24.  91. 127.  41.  95.  47.  85.
  48.  76. 107. 110. 100. 140.  59.  87.  41.  65.  66.  48. 119.  48.
  51.  98.  76.  45. 150.  54.  41.  92.  55.  52.  85.  56.  67.  55.
  79. 200.  66. 106.  30.  28.  31.  24.  24.  21.  18.  17.  12.  18.
  12.  12.  13.  13.  15.  14.  14.  11.  12.  15.  12.  12.  14.  10.
  14.  14.  13.  15.  11.  16.  12.  15.  13.  17.  19.  14.  16.  15.
  15.  17.  21.  17.  19.  17.  18.  19.  21.  18.  19.  25.  16.  18.
  17.  28.  22.  20.  26.  38.  30.  32.  32.  30.  37.  32.  41.  34.
  47.  61.  48.  63.  76. 169. 200. 200.  96.  34.  32.  65. 200. 174.
 200. 181. 156. 120.  93.  48. 200.  40.  17.  17.  19.  16.  13.  22.
  13.  14.  10.  10.  15.  12.  14.  13.  15.  10.  12.  11.  14.  11.
  15.  16.  16.  18.  13.  16.  13.  13.  14.  23.  20.  21.  14.  24.
  22.  18.  24.  21.  32.  31.  89.  59. 129.  70. 129. 200. 142. 200.
 200. 200. 200. 200. 200. 123. 121. 116.  99.  46. 170.  63.  59.  48.
  22.  21.  26.  26.]"
0.01,"[ 17.  13.  16.  13.  52.  24.  64.  35. 120.  32.  24.  33.  28.  53.
  48.  63.  89. 166.  66.  44.  63.  20.  31.  63.  66.  47. 104.  32.
  19.  16.  19.  24.  18.  11.  11.  14.  10.  11.   9.  11.  10.  11.
  11.  10.  19.  10.  10.  13.  13.  16.  12.  15.  12.  23.  26.  37.
  97.  70.  93.  69.  62.  42. 168. 200. 143.  72. 157.  47.  54.  41.
  20.  22.  17.  13.  14.  10.  13.  11.  11.  13.  11.  12.  10.  11.
  13.  11.  12.  16.  26.  15.  21.  30.  23.  65.  79.  69.  51.  37.
  43.  31.  33.  36.  32.  32. 118. 169. 200. 200.  17.  20.  20.  17.
  16.  20.  18.  21.  19.  22.  19.  20.  20.  20.  17.  17.  20.  18.
  21.  19.  18.  18.  15.  22.  19.  22.  15.  24.  19.  21.  21.  21.
  26.  22.  20.  26.  18.  26.  21.  20.  25.  22.  20.  23.  21.  20.
  26.  20.  23.  20.  21.  21.  22.  18.  25.  29.  18.  28.  29.  65.
  24.  24.  27.  50.  25.  18.  61.  23.  22.  58.  55.  24.  23.  52.
  52.  57.  17.  64.  67.  57.  59. 147.  63. 200. 200. 200. 200. 159.
 144. 200. 138. 105.]"
0.01,"[ 38.  13.  24.  37.  11.  18.  87.  95.  50.  74. 142.  71. 103.  72.
  54.  76. 200.  84.  51.  25.  18.  15.  16.  13.  11.  16.  19.  13.
  12.  22.  24.  19.  19.  12.  16.  17.  20.  25.  31.  50.  73.  98.
  65.  74. 200.  48.  21.  16.  47.  20.  18.  17.  23.  20.  50.  51.
  18.  20.  47.  69.  65. 200. 107. 146. 114. 178. 154. 173.  94. 200.
  88.  88. 200. 200.  19.  16.  16.  17.  17.  28.  29.  45.  28.  32.
  67. 200.  95. 155. 106. 200. 179. 200. 188. 152. 167. 199. 200.  39.
 191. 142. 117. 114. 175. 200. 200.  99. 127. 132. 200. 153. 158. 200.
  24.  43.  22.  31.  26.  27.  25.  39.  28.  40.  34.  28.  42.  50.
  39.  69.  51.  31.  29.  45.  42.  31.  36.  44.  45.  46.  63.  40.
 200.  20.  37.  21.  33.  33.  25.  34.  44.  40.  45.  40.  42.  24.
  46.  29.  24.  27.  40.  29.  46.  58.  32.  80.  73. 188. 182. 134.
  97. 155. 147. 153.  98. 200.  60.  63.  75. 125. 200.  43.  64.  63.
  73.  50.  53.  77.  35.  67.  40.  49.  59.  89.  59.  45.  39.  62.
  60.  51.  28.  53.]"
0.01,"[ 11.  18.  12.  10.  20.  18.  24.  40.  65.  42.  33.  49. 154.  71.
  53.  48. 109. 183. 139.  78.  96. 105.  71.  88.  94.  80.  50.  70.
  37.  40.  24.  40.  33.  89.  21.  32.  26.  28.  37.  27.  29.  42.
  24.  52.  40. 132.  81. 152.  96.  82.  47.  75. 160.  69.  68.  88.
  74.  72. 200.  78.  45.  90.  75.  68.  59.  45.  52.  58.  39.  66.
  39.  56.  55.  36.  46.  59.  28.  38. 121.  49.  82.  59.  85.  62.
  40.  50. 102.  57.  72.  67.  92.  42.  66.  54.  77.  50.  40.  44.
  71.  26.  51.  32.  39. 104.  45.  76.  88. 116.  79. 100.  69.  71.
  62. 172. 102.  83.  62.  54.  66.  97.  98.  92.  56.  71.  99.  47.
 136.  56.  44.  39.  39.  43.  36.  23.  34.  50.  17.  25.  19.  27.
  16.  21.  17.  16.  16.  14.  17.  17.  24.  14.  13.  13.  16.  12.
  15.  19.  14.  19.  13.  19.  20.  13.  25.  22.  18.  17.  17.  13.
  14.  19.  23.  22.  20.  18.  22.  36.  22.  71.  35.  29.  62.  85.
  81.  54. 126.  72.  60.  73. 104.  83.  62.  50.  42.  69.  45.  83.
 126.  57.  49.  36.]"
0.01,"[  9.  13.  72.  63.  37.  13.  12.  13.   9.   9.  11.  13.  10.  12.
  12.  10.  17.  12.  21.  34.  15.  53.  65. 120.  77. 131. 149.  42.
 185. 197.  45.  22.  12.  11.  11.   8.  10.   9.  10.  11.  12.   8.
  12.  12.  15.  21.  12.  12.  15.  16.  18.  18.  15.  21.  32.  17.
 107. 100.  23.  31.  80.  63.  49.  58.  68.  72.  35. 145.  57.  38.
  29.  49.  34.  33.  22.  43.  55.  46.  87.  89. 166.  72.  36.  74.
  67.  99. 105. 101. 137. 113. 120.  64.  58.  64.  77.  77.  69.  86.
  60.  97.  62.  66.  61.  62.  47.  67.  74. 137.  66.  81.  77.  70.
  78. 200. 200. 125. 200.  53.  18.  49.  57.  53.  59.  59.  52.  63.
 185. 141. 124. 116.  83. 153. 118.  89. 100. 100.  76.  72.  95. 119.
  57.  52.  61.  34.  53.  30.  21.  30.  31.  21.  37.  21.  24.  23.
  23.  16.  14.  18.  19.  19.  16.  21.  12.  19.  13.  12.  15.  19.
  20.  18.  20.  20.  17.  26.  30.  24.  27.  61. 200.  21.  16.  28.
  19.  19.  25.  28.  29.  77.  57. 192.  96.  66.  44.  80. 122.  43.
  61.  33.  32.  29.]"
0.05,"[144.  17.  17.  22.  19.  21.  33.  27. 137.  50.  29.  28.  27.  28.
  27.  26.  32.  67. 190.  13.  12.  16.  14.  26. 133.  31.  34.  32.
  30.  40.  34.  44.  50.  46.  55.  67.  81. 194.  61.  76.  95. 129.
  82.  80.  56.  41.  51.  48.  65.  84.  72.  56.  80.  77.  42.  29.
 116.  36.  30.  30.  40.  31.  34.  81.  16.  12.  15.  11.  12.  10.
  10.  13.  13.  10.  10.  12.  13.  11.  13.  16.  12.  11.  16.  17.
  24.  20.  20.  24.  36.  39.  57.  25. 174.  82.  54.  45.  82. 103.
 155. 200. 116. 200.  23.  22.  68.  64.  69.  70.  92. 113. 124.  34.
  73.  38.  71.  26.  59.  59.  76.  91.  96. 100.  94. 107. 117. 143.
 155. 145. 156. 200. 164. 200. 200. 150. 159.  94.  99.  96. 159.  14.
  14.  12.  17.  14.  13.  11.  15.  18.  18.  16.  11.  16.  12.  16.
  17.  12.  14.  13.  13.  22.  19.  16.  16.  23.  29.  18.  30.  20.
  16.  22.  21.  29.  38.  48.  71. 168. 200. 149. 200. 199. 200. 179.
 200. 200. 200. 121. 110.  92.  92.  97. 200. 137. 168. 194. 128. 197.
 160. 192. 200. 200.]"
0.05,"[ 15.  12.  17. 189.  62.  70.  64. 129.  15.  23.  16.  13.  10.  12.
  13.  10.  15.  21. 103. 136. 148.  67. 105.  99. 200. 200. 169.  86.
  91. 141. 103.  56. 152. 102.  77.  73.  52.  47.  36.  94.  89.  78.
  32.  21.  25.  44.  50.  21.  37.  33.  60.  97.  16.  16.  18.  18.
  11.  14.  14.  18.  20.  19.  28.  25.  23.  33.  27.  28.  31.  31.
  48. 103.  75.  59.  44.  56.  44.  75. 107.  66.  59.  53.  99.  99.
 102.  77. 152.  86.  53.  66.  92.  76.  71.  69.  60.  56. 129.  75.
  51.  72. 147.  65.  61. 110. 177.  86.  94. 140. 200.  50.  57.  57.
  58.  90.  59.  65.  64.  95.  42.  49.  85.  78.  83. 104.  41.  97.
  54.  60. 121.  40.  54.  33.  69.  57.  36.  48.  43.  42.  23.  21.
  21.  27.  16.  25.  35.  34.  27.  28.  22.  30.  24.  34.  26.  18.
  21.  26.  38.  15.  24.  26.  28.  47.  40.  21.  22.  28.  24.  29.
  21.  25.  60.  51.  56.  22.  34.  25.  30.  31.  28.  27.  36.  34.
  30.  33.  29.  36.  32.  40.  34.  39.  29.  33.  27.  44.  40.  40.
  30.  37.  40.  44.]"
0.05,"[133.  41.  42.  40.  90.  44. 200.   9.  10.   8.  11.   9.  10.   9.
   8.  10.  10.  10.  10.   9.   9.  10.  10.  12.  10.  11.  11.  10.
  11.  10.  11.  10.  10.  12.   9.  11.  11.  12.   9.  13.   9.  13.
  11.  11.  10.  10.  13.  10.  16.  11.  14.  12.  20.  20.  21.  24.
  33.  46.  84.  95.  51.  69.  53.  67.  83. 163. 157.  90.  67. 116.
  65.  80.  87. 108.  43.  50.  76.  67.  45.  46.  33.  21.  29.  20.
  21.  24.  20.  21.  13.  14.  12.  16.  13.  17.  16.  14.  16.  17.
  18.  13.  15.  25.  17.  19.  20.  23.  34.  49.  43.  79.  57.  62.
 167.  61.  46.  23.  18.  56.  51.  61.  57.  60.  58.  58.  62.  56.
  55. 200. 200. 200. 200. 200. 200. 200. 200.  36.  45.  32.  41.  45.
  62.  50.  62.  63.  36.  60.  63.  70.  48.  82.  40.  68.  44.  48.
  73.  62. 112.  42.  46.  46.  56.  56.  56.  56.  58. 105.  39.  43.
  35.  37.  66.  39.  52.  54.  78.  37.  74.  87.  85.  35.  41.  36.
  36.  33.  42.  46.  49.  48.  43.  36.  32.  43.  46.  42.  45.  30.
  33.  37.  43.  34.]"
0.05,"[ 16.  13.  24. 116.  79. 100.  78.  94. 104.  65.  17.  28.  19.  19.
  20.  21.  15.  17.  17.  13.  14.  14.  13.  14.  15.  12.  13.  10.
  11.  14.  15.  12.  12.  13.  19.  16.  18.  19.  18.  18.  21.  19.
  28.  20.  30.  26.  24.  28.  33.  35.  28.  37.  26.  33.  31.  40.
  36.  38.  40.  76.  80. 110.  93.  87. 115.  99. 145. 100. 118. 112.
 119.  59.  39.  46.  36.  31.  28.  30.  19.  18.  12.  14.  15.  20.
  34.  27.  95.  71.  54.  52. 200.  50. 200.  62.  80.  25.  36.  34.
  31.  31.  36.  47. 200.  57. 200.  90.  96. 181.  74.  84. 200. 200.
  20.  19.  18.  17.  18.  28.  54.  87. 141. 137. 196. 165. 182. 127.
 200. 200. 200. 200. 200.  89. 115.  80.  94.  63.  42.  28.  30.  29.
  17.  21.  21.  15.  18.  15.  13.  14.  13.  12.  17.  13.  14.  13.
  18.  19.  12.  17.  19.  19.  23.  14.  19.  19.  16.  26.  25.  19.
  40.  49.  18.  30.  27.  32.  44.  22.  49.  30.  54.  75.  51.  54.
 120. 101. 114. 103. 139. 200. 200. 168. 158. 200. 200. 200.  27.  25.
  22.  29.  29.  37.]"
0.05,"[ 46. 160.  51.  97. 100.  57. 169.  47. 123.  77.  57.  57.  58.  84.
  32.  15.  17.  14.  13.   9.   9.  10.   9.  10.  10.   9.  10.   9.
  15.   9.  11.  12.  17.  12.  23.  18.  21.  34.  23.  20.  20.  31.
  88. 101. 121.  72. 200. 109.  64.  41.  25.  20.  19.  14.  24.  18.
  19.  26.  18.  16.  23.  25.  19.  17.  24.  35.  28.  34. 113. 104.
  62.  87.  65.  40.  21.  30.  21.  17.  17.  14.  16.  18.  19.  15.
  12.  13.  13.  14.  19.  13.  18.  22.  17.  19.  31. 172. 132.  97.
 158. 112. 176. 200. 200.  98.  28.  67.  64.  67.  57.  57.  57.  62.
  55.  57.  48.  50.  46. 134.  71.  64. 156. 138.  49. 144.  57.  48.
  29.  54.  39. 200.  30.  50. 146. 112.  95.  92. 110.  85.  30.  45.
  83.  94.  80.  67.  35.  26.  27.  46.  46. 126.  86. 200. 109.  18.
  20.  25.  26.  15.  15.  16.  29.  23.  21.  22.  22.  18.  14.  14.
  17.  13.  17.  21.  20.  13.  12.  13.  18.  20.  24.  11.  18.  18.
  13.  18.  18.  16.  17.  30.  19.  20.  19.  25.  43.  22.  42.  29.
 111.  48.  84.  72.]"
0.05,"[ 39.   9.  13.  24.  67.  11.   9.  10.   9.  10.  11.  14.  12.  26.
  40.  68.  25.  23.  97.  33.  15.  14.  12.  15.  12.  14.  13.  10.
  17.  14.  12.  12.  13.  13.  15.  15.  16.  14.  16.  14.  17.  14.
  16.  18.  19.  19.  15.  19.  14.  14.  16.  16.  16.  12.  16.  17.
  16.  17.  17.  16.  17.  20.  22.  21.  25.  34.  36.  31.  43.  38.
  70. 200.  17.  15.  17.  19.  16.  18.  18.  15.  14.  20.  18.  17.
  16.  15.  16.  18.  16.  18.  15.  15.  17.  15.  19.  17.  22.  18.
  19.  15.  19.  20.  22.  18.  19.  18.  16.  18.  17.  20.  18.  17.
  17.  18.  15.  18.  14.  17.  19.  18.  21.  41.  17.  48. 200.  12.
  12.  12.   9.  10.  12.   9.   9.  10.   9.   9.  10.   8.   9.  10.
   9.  12.  10.  11.  11.  10.  11.  11.   9.  11.  14.  10.  13.  12.
  16.  15.  14.  16.  15.  15.  20.  19.  21.  27.  72.  81.  77. 107.
 154.  35.  25.  74. 115.  56.  25.  57.  56.  35.  61.  66.  73.  71.
  76.  91.  94.  91.  91. 104.  90.  79.  98.  94. 112. 118. 109.  95.
 137. 175. 167. 200.]"
0.05,"[ 11.  92.  16.  30.   9.   9.  12.   8.   9.   9.  13.  19.  34.  80.
  22.  29.  28.  53.  38.  40. 124.  20.  10.  12.  10.  12.  22.  90.
  96. 171. 117. 114.  23.  20.  14.  13.  10.  11.  10.  11.  10.   9.
  15.  11.  12.  11.  17.  20.  19.  16.  22.  77. 113. 100. 108.  72.
 133.  95.  81.  71.  52.  49.  59.  36.  52.  43.  37.  84.  50.  93.
  74.  77.  40.  54.  37.  41.  57.  48.  55.  41.  62.  43.  53.  69.
  80.  76.  61.  41.  48.  62.  63.  50.  38.  68.  93. 117.  56.  89.
  53.  80. 151.  52.  56. 106.  33.  37.  31.  47.  60.  61.  47. 106.
 184.  28.  23.  22.  29.  31.  25.  26.  28.  23.  24.  26.  24.  22.
  21.  25.  26.  19.  19.  21.  22.  25.  29.  21.  25.  19.  22.  19.
  25.  22.  20.  23.  24.  21.  31.  31.  27.  26.  22.  25.  23.  23.
  19.  24.  22.  21.  23.  23.  23.  25.  29.  22.  26.  26.  27.  25.
  21.  29.  26.  28.  19.  23.  23.  29.  19.  26.  31.  31.  31.  24.
  26.  29.  41.  33.  27.  37.  40.  38.  47.  44.  56.  37.  44.  36.
  39.  43.  41.  46.]"
0.05,"[ 19.  15.  16.  49. 136. 179.  74.  28.  24.  29.  20.  21.  23.  22.
  19.  22.  23.  17.  18.  18.  14.  17.  16.  21.  18.  19.  18.  17.
  16.  18.  19.  13.  17.  13.  15.  16.  17.  14.  18.  20.  18.  18.
  17.  18.  21.  18.  18.  23.  19.  24.  23.  24.  24.  25.  35.  30.
  25.  44.  41.  61.  89.  66.  88.  44.  56.  95.  54. 138.  78. 102.
 192.  62. 101.  81.  72.  62. 200. 183.  43.  33.  17.  11.   9.  10.
   9.  11.  11.  11.  13.  12.  12.  10.  14.  10.  18.  16.  16.  12.
  11.  15.  24.  13.  19.  20.  20.  21.  23.  32. 103. 106.  85. 135.
 130.  98.  82.  71.  41.  76.  73.  57.  61.  78.  86.  50. 102.  93.
  57. 171.  54.  45.  41.  53.  46.  80.  71.  76.  52. 134.  37.  24.
  37.  27.  17.  18.  25.  15.  21.  17.  17.  15.  25.  17.  22.  13.
  17.  15.  17.  14.  12.  19.  18.  19.  21.  25.  29.  14.  22.  18.
  19.  30.  23.  38.  22.  33.  37.  61.  96.  75.  58. 103. 107.  48.
  66.  69.  51.  49.  54.  50.  69.  80.  55. 111.  84.  40.  84.  50.
  54.  66.  64.  46.]"
0.05,"[ 48. 106.  30.  38.  41.  60.  53.  89.  86.  24.  65.  76. 186. 111.
 161. 157.  81. 111.  27.  13.  14.  14.  12.   9.  11.  10.   9.  12.
   9.  12.  15.   9.  11.  12.  14.  15.  15.  16.  22.  40.  96. 200.
  28.  36.  40.  55.  63. 103. 137.  92.  58.  75.  63.  68.  90.  75.
 100. 127.  84. 106. 133. 200.  44.  11.  10.   8.   8.  11.   9.  10.
   9.  10.  10.  10.   8.   8.  10.   9.   9.  11.  10.  11.  10.   8.
   8.   9.   9.   9.   8.  10.  11.   9.  11.  12.  12.  10.  10.  12.
  13.  12.  15.  13.  13.  14.  12.  12.  12.  20.  24.  28.  26.  30.
  39.  63.  84.  99. 140.  70.  85.  87.  89.  78.  49.  96.  80.  86.
  81.  62.  78. 115.  76.  26.  17.  28.  16.  12.  13.  11.  15.  17.
  17.  10.  11.  15.  19.  18.  18.  18.  15.  13.  17.  15.  14.  14.
  21.  32.  23.  38.  39. 116.  60. 146. 123.  79.  71.  46.  55.  64.
  61.  59.  72.  83.  57.  67.  89.  72.  85.  93. 101. 135. 121. 200.
  42. 200. 200.  71. 200.  72.  77.  81. 110.  88. 200.  91.  90. 113.
 102. 141. 130. 163.]"
0.05,"[  9.  48.  58.  19.  10.  10.  10.  24.  43.  43.  81.  93.  22.  18.
  22.  23.  26.  23.  26.  20.  23.  25.  21.  21.  24.  17.  15.  20.
  16.  17.  19.  15.  14.  18.  24.  15.  18.  21.  22.  17.  15.  21.
  52.  75. 133.  92. 200.  11.   9.  10.  10.  10.   8.  10.  10.  10.
  10.   9.   8.  10.   9.   9.  10.  10.  10.  10.  10.   8.   9.  11.
   9.   9.  10.  11.   9.   9.   8.   9.  10.   9.   9.   9.  10.   9.
  10.  12.   9.  11.  10.  11.  11.  13.  10.  11.  12.  17.  19.  76.
 200. 133. 200. 116. 116. 110.  98. 107. 200. 129. 200.  79.  84.  77.
 164. 122.  94.  97.  63. 100.  70.  71.  58. 109. 123.  94.  23.  41.
 113.  49.  54.  50.  68.  98.  92.  97. 200. 185. 200.  58.  15.  15.
  12.  40.  39.  13.  37.  38.  46.  50.  50.  63.  58. 105. 200. 134.
  98. 188. 200. 102.  70.  61.  98.  55.  32.  68.  59.  34.  16.  38.
  24.  44.  30.  23.  32.  37.  73.  81.  30.  50. 129.  39.  64.  92.
  86.  57.  78.  56.  58.  65.  98.  36.  67.  41.  68.  67.  95.  67.
  60.  67.  53.  51.]"
0.1,"[ 13.  18.  32.  72. 189.  51.  16.  10.   9.  10.  10.  10.   9.  10.
  10.  11.  10.  10.  10.   9.  10.  10.  10.  10.  10.   9.  10.   9.
   9.  10.   8.   9.   9.   9.   8.   9.   9.  10.   9.  10.   9.  10.
  10.  10.  11.   9.  10.   8.   9.  10.   9.  10.   9.   9.   9.  11.
   9.  10.   9.  10.   9.   9.   9.   9.   9.  10.  11.  10.  10.   8.
  10.  10.   9.   9.   9.   9.   9.   8.  10.   9.  11.  10.   9.  10.
  10.   9.  11.  10.   8.  10.   8.  10.   8.  11.   9.  10.  10.  10.
   9.  10.  10.   8.  10.   9.   9.  11.  10.  10.   8.   8.   9.   9.
  10.   9.   9.   9.   8.   9.   8.  10.  10.   8.  10.  10.  10.   8.
   9.   9.   8.   9.  10.  11.   9.  10.  10.   9.  10.   9.   8.   9.
  10.  10.   8.   9.   8.   9.  10.  10.  11.   9.  10.  10.   9.  10.
   9.   9.   9.   9.  10.  11.  10.  10.  10.   9.  10.  10.   8.   9.
  10.  10.  10.   8.   9.   9.  10.   9.   9.   9.  10.   8.   9.  10.
  10.  10.  10.  10.   9.  10.   9.  10.   9.  11.  10.   8.   8.   9.
   9.  10.  10.   9.]"
0.1,"[ 32.  14.  76.  37.  98. 110.   8.  11.   8.   9.  10.   9.  10.   9.
  10.   9.   9.   9.  10.  11.   8.  11.  10.  10.  11.  10.  13.  12.
  15.  26.  33. 200.  42.  57.  73.  67.  88.  99. 105. 184. 134. 185.
 200. 158.  94. 121. 150. 100. 124.  91.  99. 108.  89. 127. 137. 109.
  25.  40.  35.  37.  41.  28.  45.  55.  34.  44.  51.  50. 196.  84.
  72.  96.  50.  82.  59.  73.  54.  50.  57.  58. 112.  94.  86.  78.
  91.  85.  41.  55.  57.  67.  43. 100.  37.  53.  75.  75.  28.  70.
  63.  92.  43.  62.  92.  68.  70.  74. 110. 172.  38.  17.  25.  17.
  23.  20.  20.  25.  19.  25.  23.  23.  19.  18.  30.  20.  22.  19.
  32.  15.  19.  25.  27.  30.  17.  39.  23.  71.  37.  86.  38. 101.
  57.  36.  53.  19.  12.  16.  20.  13.  11.  14.  12.  13.  15.  12.
  15.  14.  12.  17.  16.  18.  14.  15.  17.  16.  20.  21.  24.  26.
  27.  20.  24.  34.  32.  28.  24.  52.  22.  37.  23.  33.  27.  81.
  27.  85.  64.  46.  75.  54.  64.  57.  82.  46.  46.  43.  76.  57.
  67.  58.  65.  49.]"
0.1,"[ 24. 200.  11.   8.  10.   9.  10.   9.  10.  10.   9.   8.   8.   9.
   9.   9.   9.  10.   8.  10.   9.   9.  10.  10.  11.   9.   9.  10.
   9.   9.  10.   8.   9.   9.  10.   9.   9.   9.   9.  10.  10.   9.
   9.   8.   8.   9.   9.   9.  10.   9.  10.  11.  10.  10.   9.   8.
   9.  10.  10.   8.   9.  10.   9.  10.   9.  10.  10.  10.  10.  10.
  10.  10.   9.  10.  10.  10.   9.  10.   8.   9.  10.   9.   9.  10.
  10.  10.  10.   9.  10.   9.  10.   9.   9.  10.  11.   8.  10.   9.
   9.   9.   9.   9.   8.  10.  10.  10.   9.   9.   8.   9.  10.   9.
  10.  10.  10.  10.   8.   9.  10.   8.   9.   9.   8.   8.  10.  10.
   9.   9.   9.  10.   9.  10.   9.   8.   9.   8.   8.   9.  10.  10.
   9.   9.   9.   9.   8.   9.   9.  10.   9.   8.  10.   9.  10.   8.
  11.   8.   9.   9.  10.  10.   9.  10.   9.  10.   8.   9.  10.  10.
   9.   8.   9.   8.   9.  10.   9.   8.   9.  10.   9.   9.  10.   9.
   9.   9.  10.  10.   9.  11.  10.  10.   8.  10.   9.  10.   9.  10.
  10.  10.   9.   8.]"
0.1,"[ 66. 115. 198. 200.  32.  16.  17.  13.  10.   9.   9.  13.  13.  13.
  13.  13.  15.  14.  13.  12.  14.  12.  14.  14.  15.  19.  14.  16.
  15.  18.  17.  19.  21.  49.  28.  62.  68.  85.  89. 167.  63.  76.
  99. 121.  91.  71.  48.  34.  35.  33.  42.  51.  33.  45.  49.  24.
  32.  24.  24.  28.  74.  55.  45.  23.  27.  23.  28.  21.  34.  34.
  69.  54.  31.  85.  29.  50.  43.  36.  38.  58.  57.  68.  69.  94.
  61.  85.  83.  60.  97.  89.  86.  77.  24.  27.  27.  27.  18.  20.
  20.  14.  26.  23.  23.  17.  15.  24.  15.  16.  26.  10.  18.  19.
  14.  17.  14.  26.  17.  19.  27.  31.  32.  47.  41.  77.  83. 136.
  76.  68.  90.  55.  74. 105.  62.  48.  62. 113.  71.  63.  85. 200.
 200. 123.  98. 162. 184. 200.  78. 142. 112. 200. 109. 200.  71. 200.
  35. 200. 200. 200.  19.  23.  13.  17.  15.  14.  13.  12.  12.  10.
  10.  14.  14.  15.  11.  17.  15.  15.  14.  19.  13.  17.  15.  17.
  15.  17.  30. 200. 169. 168. 200.  52.  16.  18.  39.  19.  45.  53.
  51.  59.  54. 102.]"
0.1,"[131.  32.  12.  10. 133.  84.  73.  85.  91.  39. 172.  70.  66.  77.
  85.  39.  26. 167.  72.  72.  54.  67.  55.  70.  76.  24.  24.  28.
  14.  15.  17.  12.  14.  10.  13.  12.  15.  19.  11.  21.  18.  21.
  24.  30.  31.  70.  32.  39.  32.  81.  91.  76.  98.  96. 131.  62.
  82.  65.  19.  12.  13.  10.  12.  13.  10.  10.  10.   9.  11.  10.
  12.  13.  13.  11.  11.  16.  14.  11.  12.  13.  15.  16.  29.  45.
  23.  87.  23.  39.  85.  46.  51.  48.  75.  49.  45. 151.  62.  49.
 128.  65.  92.  62.  35.  37.  29.  38.  36.  33.  32.  27.  35.  39.
  32.  42.  32.  35.  31.  36.  40.  28.  29.  35.  30.  40.  39.  35.
  44.  36.  38.  34.  29.  40.  42.  33.  39.  40.  47.  34.  34.  38.
  44.  38.  33.  31.  33.  39.  40.  30.  42.  30.  35.  34.  28.  35.
  34.  36.  36.  34.  39.  33.  40.  28.  40.  37.  40.  37.  41.  36.
  43.  39.  45.  49.  58.  61.  50.  53.  86.  67.  63.  51.  60. 151.
 197. 200. 172.  91. 142. 107.  66.  62.  72.  64.  78.  99.  87.  78.
  93.  63.  63. 109.]"
0.1,"[ 15.  87.  11.  13.  12.  83. 189.  10.  10.  11.  12.   9.  12.  13.
  11.  10.  12.  13.  11.  12.  12.  12.  10.  13.  13.  11.  14.  11.
  13.  12.  15.  12.  13.  13.  16.  11.  14.  16.  11.  13.  14.  12.
  11.  14.  13.  11.  13.  14.  15.  14.  13.  15.  14.  13.  13.  14.
  14.  16.  12.  14.  13.  13.  14.  17.  17.  15.  13.  19.  15.  17.
  14.  17.  14.  16.  16.  16.  17.  16.  20.  16.  12.  17.  15.  18.
  18.  17.  19.  17.  17.  22.  20.  18.  20.  19.  16.  19.  20.  18.
  18.  22.  20.  17.  20.  21.  20.  16.  23.  16.  17.  22.  14.  20.
  20.  18.  21.  21.  16.  22.  16.  23.  22.  18.  22.  17.  22.  20.
  21.  20.  20.  22.  16.  20.  18.  19.  18.  19.  21.  17.  20.  17.
  19.  17.  21.  18.  20.  19.  19.  18.  19.  23.  18.  19.  17.  21.
  20.  20.  19.  21.  18.  23.  21.  19.  22.  26.  20.  18.  22.  20.
  21.  20.  21.  24.  20.  25.  18.  17.  17.  17.  17.  22.  18.  17.
  22.  21.  20.  20.  22.  19.  20.  20.  17.  16.  23.  18.  18.  21.
  23.  20.  20.  20.]"
0.1,"[ 51.  23.  11.  11.  11.  11.  12.  10.  13.  13.  13.  14.  11.  14.
  17.  17.  12.  14.  13.  18.  22.  20.  20.  19.  21.  42.  45.  45.
  88.  78. 108. 150.  10.  12.  10.  13.  16.  17.  16.  17.  46. 109.
  61.  99. 183.  16.  13.  16.  12.  12.  13.  16.  15.  19.  19.  25.
 200.  65.  36.  40.  44.  48.  54.  93.  62. 113. 200.  10.  10.   8.
  10.   9.   9.  10.   9.  10.  10.   9.   9.   8.   9.  10.   9.  10.
  11.  10.   9.  11.  12.  10.   9.  10.  11.  10.   9.   9.   9.  10.
  12.  10.  10.  10.   9.  11.  10.   8.   9.  10.  12.  10.  13.  13.
  12.  11.  11.  15.  14.  13.  13.  16.  21.  14.  18.  21.  22. 200.
 149. 200. 200.   9.  10.   8.  10.   8.   8.  11.   9.  10.  11.  10.
  10.   9.  11.   9.   9.   9.   9.  11.   8.  10.   9.   9.  11.   9.
   9.  11.  10.  10.  11.   9.  10.   9.  10.   8.   9.   9.   9.   8.
  10.  10.   9.   8.   8.  10.  10.   9.  10.   9.  10.  10.   8.   9.
   9.  10.   9.  11.   9.   9.   9.   8.  10.   9.   8.   8.   9.  11.
  10.   8.   8.  10.]"
0.1,"[115.  96. 181.  71.  56.  84. 174.  90.  61.  32.   9.   9.  10.  10.
  10.  12.  12.   9.  14.  11.  11.  11.  15.  12.  17.  20.  16.  24.
  14.  23.  23.  25.  33. 103.  62.  76.  93.  40.  76.  80.  79.  44.
 159. 172.  72.  79.  83. 109.  63.  10.  13.  15.  13.  11.  11.  12.
  14.  17.  14.  13.  14.  14.  21.  18.  14.  19.  14.  18.  15.  23.
  22.  20.  15.  23.  14.  22.  20.  22.  18.  16.  19.  21.  22.  18.
  18.  37.  36. 133.  36.  55.  34.  44.  55.  59.  51.  66.  63.  63.
  59.  52.  52.  45.  98.  54.  77.  65. 170. 148.  58. 153.  56. 200.
  41.  24.  14.  10.  12.  13.  11.   9.  14.  13.   9.  12.  10.  10.
  13.  13.  13.  12.  15.  14.  12.  13.  13.  16.  15.  14.  14.  20.
  26.  17.  20.  13.  22.  15.  16.  25.  26.  21.  22.  15.  17.  20.
  15.  17.  24.  24.  21.  25.  23.  34.  47.  47.  92.  42.  59.  52.
  97.  93. 103.  53. 136.  68.  45.  63. 101. 149. 132.  62.  68. 200.
 145.  86. 100. 200.  65. 189.  61.  63.  99.  69.  70. 111.  74.  82.
 200.  79.  76.  46.]"
0.1,"[118.  41.  48.  71.  90.  81. 143. 200. 111.  18.  21.  15.  14.  18.
  15.  13.  13.  17.  15.  16.  14.  14.  12.  11.  12.  12.  10.  10.
  13.  10.  12.  11.  12.  13.  13.  15.  11.  12.  13.  12.  13.  13.
  13.  17.  17.  15.  16.  17.  17.  19.  21.  17.  18.  23.  22.  23.
  18.  17.  21.  22.  30.  27.  28.  27.  24.  29.  22.  32.  29.  29.
  27.  28.  31.  22.  28.  58.  17.  46.  38.  39.  56.  33.  79.  92.
 200. 200. 115. 104. 200.  75.  78.  79.  97.  91. 126.  93.  99.  96.
  94. 107.  91. 108. 121. 109. 123. 138. 200.  41. 138.  69.  32.  62.
  55.  54.  25.  55.  18.  18.  18.  44.  13.  14.  34.  14.  33.  36.
  40.  47.  46.  53.  50.  51.  50.  54.  50.  51.  56.  57.  57.  53.
  52.  65.  49.  55.  51.  48.  51.  51.  54.  99.  77.  75.  73.  75.
  75.  72.  65.  69.  83.  70.  83.  85.  69.  88.  85.  96.  78. 101.
  99.  93.  95.  89. 101.  97.  86. 166. 128. 200. 197. 169. 197. 195.
 200. 190. 138. 113. 177. 173. 185. 149. 131. 161.  96. 181. 115. 110.
 133. 141. 183. 200.]"
0.1,"[ 12.  16.  13.  42. 143.  89. 172. 122. 181.  51.  20.  12.  10.  14.
  17.  12.  11.  15.  11.  14.  19.  14.  12.  13.  17.  12.  21.  18.
  19.  22.  32.  43. 121.  59.  66.  49. 200. 132.  51.  11.  13.  11.
  11.  11.  10.  19.  16.  11.  12.  13.  14.  14.  13.  22.  19.  25.
  15.  20.  17.  25.  25.  44.  36.  72.  44.  50.  74.  62.  79.  68.
  97.  77.  71.  52. 124. 200.  19.  17.  19.  18.  19.  18.  16.  18.
  15.  17.  16.  16.  18.  16.  16.  15.  15.  15.  12.  16.  17.  15.
  16.  14.  20.  16.  15.  14.  14.  15.  15.  13.  15.  13.  18.  18.
  16.  18.  14.  17.  17.  16.  13.  19.  15.  15.  18.  16.  15.  18.
  19.  13.  20.  17.  18.  18.  20.  15.  17.  16.  15.  18.  19.  16.
  19.  16.  20.  18.  16.  19.  20.  20.  19.  21.  19.  20.  21.  19.
  18.  22.  21.  21.  23.  19.  21.  24.  23.  21.  23.  21.  21.  21.
  21.  22.  22.  23.  22.  23.  25.  26.  20.  24.  20.  28.  22.  30.
  26.  28.  27.  32.  33.  29.  24.  27.  25.  31.  26.  24.  27.  30.
  23.  30.  26.  32.]"
0.01,"[ 23.  21.  47.  13.  15.  17.  41.  20. 101.  43. 121.  27.  60. 126.
  33.  29.  35.  36.  32.  24.  53.  31.  46.  39. 156.  80.  68.  22.
  58.  38.  54.  29.  63. 200.  59.  31.  26.  19.  22.  17.  11.  16.
  14.  16.  12.  12.  15.  24.  13.  19.  18.  16.  31.  16.  18.  21.
  22.  34.  34. 150.  36.  27.  96. 111. 107. 108. 105. 189.  56. 110.
  88. 107. 154. 144. 180. 178. 200.  22.  14.   8.  11.  11.  14.  12.
  10.  11.  10.  15.  11.  13.  10.  16.  13.   9.  11.  18.  15.  18.
  13.  20.  17.  20.  14.  28.  30.  29.  85. 112. 200.  77. 100. 164.
 200.  52.  14.  49.  20.  16.  24.  18.  49.  46.  48.  47.  16.  51.
  51.  49.  49.  42.  54. 125.  57. 200. 200. 129. 200. 200.  60.  49.
 130. 131.  73. 193. 200.  55.  47.  43.  43.  38.  82. 117. 161. 200.
  26.  60.  60.  58.  54.  59.  56.  66.  58.  51. 114.  74.  79.  88.
  90. 146. 102. 200. 103. 140. 189.  97.  75.  56.  78.  75.  76.  71.
  52.  58.  52.  36.  30.  46.  29.  23.  26.  28.  35.  32.  24.  38.
  22.  24.  33.  27.]"
0.01,"[ 27.  47.  11.  49.  58.  36. 114. 119. 138.  51.  45.  92.  33.  78.
  25.  41.  28.  22.  86.  92. 152.  35.  51.  47.  63.  92. 146. 107.
 110.  62.  18.  27.  50.  48.  58. 120.  78.  59. 141.  66.  89. 200.
  15.  15.  26.  21.  22.  21.  20.  20.  20.  17.  20.  24.  52.  19.
  15.  18.  19.  17.  17.  16.  17.  49.  14.  16.  12.  15.  14.  20.
  23.  21.  51.  22.  26.  49.  25.  52.  46.  44.  55.  48.  46.  60.
 115.  20.  28.  36.  61. 143. 200.  65.  62.  29.  30.  33.  35.  34.
  58.  57.  55.  98.  55.  58.  29.  68. 106.  56. 200. 119.  85.  95.
  82.  89.  90. 108. 103. 114. 177. 132. 200.  15.  25.  17.  18.  17.
  16.  14.  15.  14.  17.  27.  22.  27.  22.  22.  19.  25.  30.  18.
  23.  25.  24.  32.  39.  46.  27.  35.  43.  37. 104. 113.  92. 171.
 172. 132. 176. 143. 120. 102.  79.  61. 120.  79.  93. 108. 100. 179.
 134. 200. 159. 103. 109.  93. 199. 200. 123. 200.  23.  21.  23.  19.
  22.  23.  22.  21.  26.  28.  20.  27.  28.  30.  34.  26.  33.  37.
  45.  54.  38.  53.]"
0.01,"[ 12.  80.  19.  18.  95.  59.  81.  29.  65.  53.  48. 111.  59.  69.
 146.  94. 116.  79.  91. 200.  12.  15.  17.  17.  19.  16.  16.  15.
  19.  15.  20.  17.  17.  14.  12.  14.  11.  15.  15.  16.  11.  14.
  14.  15.  16.  15.  10.  13.  16.  12.  12.  16.  12.  14.  15.  16.
  15.  14.  11.  10.  14.  14.  15.  12.  14.  14.  16.  16.  15.  13.
  14.  15.  14.  18.  20.  15.  16.  18.  17.  20.  17.  19.  18.  24.
  14.  19.  19.  21.  22.  20.  21.  26.  25.  26.  17.  24.  21.  28.
  30.  28.  19.  31.  34.  30.  27.  27.  33.  34.  37.  73.  25.  58.
  47.  14.  37.  17.  40.  36.  56.  47. 169. 200. 170. 144. 179. 200.
 200. 171. 125. 200. 116. 200.  91.  77. 168. 105. 181. 174. 105. 116.
 200. 167. 136. 200. 187. 200. 103.  24.  37.  61.  59.  57.  62.  60.
  60.  69.  68.  61.  66.  69.  70.  62.  68.  63.  67.  81.  74.  75.
  60.  68.  69.  70.  81.  78.  82.  70.  65.  72.  66.  65.  71.  63.
  57.  61.  57.  71.  67.  60.  54.  53.  58.  60. 109.  64.  52.  56.
  52.  62.  60.  30.]"
0.01,"[ 27.  16.  16.  26.  26.  53. 190.  21. 119.  90. 103.  42.  82. 200.
 140. 108. 113.  75. 176.  20.  30.  24.  28.  24.  24.  18.  23.  22.
  20.  24.  25.  23.  23.  17.  30.  18.  24.  21.  23.  23.  21.  28.
  19.  21.  19.  53.  15.  48.  11.  13.  13.  18.  15.  12.  13.  16.
  17.  17.  21.  20.  20.  15.  47.  15.  16.  16.  18.  20.  42.  16.
  21.  20.  49.  57.  62. 200.  23.  62.  22.  69.  71. 109.  59.  52.
 200. 155.  82. 200. 200. 200.  40.  21.  35.  30.  19.  15.  12.  13.
  10.  13.   9.  11.  10.  12.  13.  11.  10.  13.  14.  12.  13.  15.
  20.  11.  17.  17.  13.  17.  19.  18.  18.  17.  20.  42.  52. 200.
  85.  64.  68.  61. 200. 200.  55. 200. 101. 200.  91. 200.  73. 200.
  54.  24.  22.  57.  24.  54.  55.  53.  60.  61.  59.  79.  79.  30.
  76.  76.  77. 159. 200. 200. 200. 200. 200. 200. 123. 171. 176. 176.
 180. 125. 109. 100. 170. 129. 121. 111. 152. 200. 177. 132. 145. 160.
 200. 200. 200. 200. 200. 200. 143.  90. 153.  67.  59.  78.  72. 200.
 200. 200. 200. 200.]"
0.01,"[ 10.  16.  16.  36.  42.  86. 130.  18.  13.  12.  13.  10.   9.  16.
  17.  18.  17.  41. 167. 126. 200.  16.  22.  23.  15.  12.  12.  17.
  16.  18.  13.  16.  26.  25.  27.  22. 117.  43.  63.  75.  80. 158.
  44.  63. 136.  80.  88.  47. 104. 156. 149. 161.  73.  45.  73.  92.
  44.  54.  43.  69.  49. 143.  74. 117.  45.  72.  71.  52.  90. 119.
  82.  61.  66.  50.  77. 124. 102.  58.  69.  64.  75.  69.  40. 102.
  68.  47.  51.  97.  72. 106.  39.  46.  72. 110.  92.  62.  96. 130.
  40.  51.  33.  96.  65.  73.  54.  46.  78.  51.  47.  73.  94.  66.
  48.  46.  96.  86.  79.  87. 103.  50.  30.  20.  18.  30.  16.  17.
  15.  11.  13.  17.  12.   9.  11.  14.  11.  13.  17.  12.  12.  12.
  12.  15.  10.  12.  12.  13.  15.  12.  13.  14.  19.  10.  10.  12.
  14.  12.  17.  13.  14.  19.  30.  18.  23.  22.  25.  43.  43.  72.
  76.  63.  46.  75. 126. 107. 135. 101. 184.  99. 200.  17.  11.  14.
  16.  12.  14.  11.  11.  14.  13.  13.   9.  12.  10.  14.  16.  10.
  13.  11.  12.  13.]"
0.01,"[ 17.  12.  48.  41. 101.  65.  41.  40. 113.  19.  60. 103. 141.  75.
  80.  63. 200.  10.  10.  10.   8.  10.  12.  11.  11.  13.  11.  14.
   9.  11.   9.   9.  11.  11.  13.  15.  13.  13.  12.  13.  13.  14.
  19.  15.  17.  10.  19.  12.  13.  15.  17.  14.  12.  11.  23.  16.
  17.  45.  36.  50. 186. 200.  15.  11.  12.  17.  14.  14.  13.  10.
  13.   8.  13.  13.  15.  12.  13.  10.  15.  11.  16.  18.  16.  23.
  13.  20.  25.  23.  32.  56.  97. 137. 196. 192. 200. 200. 200. 137.
  46.  56.  67. 123. 200. 104.  56.  46.  38. 190.  96. 122.  38.  58.
  94.  81.  89.  66.  61.  65.  78. 125. 130. 186. 114.  57.  47.  76.
 143.  86.  36.  41.  44.  66.  48. 136.  62.  71.  79. 130.  83.  85.
  89.  44.  41.  40.  43.  30.  35.  41.  51.  47.  44.  48.  40.  27.
  34.  31.  18.  35.  30.  35.  31.  35.  23.  26.  32.  29.  21.  26.
  47.  38.  47.  77. 136.  45.  87.  83.  70. 101. 124. 125. 200. 110.
  77.  64.  80.  79.  48.  52.  67.  68. 100.  89.  67. 106.  39.  90.
  56. 181.  68.  38.]"
0.01,"[ 12.  14.  11.  14.  20.  22. 104.  42.  84.  76.  47.  38.  75. 161.
  84.  84.  36.  72.  98.  90.  64.  71. 200. 143.  35.  23.  25.  24.
  18.  15.  23.  21.  16.  15.  19.  15.  25.  28.  37. 100.  95. 107.
 125. 120. 107. 167.  57.  97.  75.  36.  46. 134.  54.  60.  46. 125.
  87.  40.  75.  65. 147.  93.  60.  47.  39.  42.  23.  32.  19.  11.
  13.  12.  11.  11.   9.  12.  13.   9.  11.  10.  13.  11.  15.  16.
  12.  16.  16.  14.  19.  19.  12.  15.  15.  17.  13.  13.  18.  23.
  17.  23.  26.  28.  45.  23.  40.  52.  90. 200.  24.  17.  18.  15.
  16.  19.  16.  18.  18.  15.  14.  20.  16.  13.  17.  17.  18.  17.
  18.  15.  13.  18.  19.  14.  18.  18.  16.  18.  15.  16.  17.  13.
  15.  19.  18.  19.  18.  18.  19.  18.  17.  18.  17.  18.  21.  16.
  17.  19.  22.  16.  17.  20.  24.  16.  25.  20.  21.  17.  23.  20.
  24.  23.  26.  27.  73.  35.  19.  28.  23.  22. 138.  21.  22.  62.
  24.  21.  24.  62.  20.  18.  53.  51.  19.  53.  21.  22.  59.  59.
 172.  76. 200. 200.]"
0.01,"[ 49.  10.  19.  26.  17.  17.  31.  34.  36.  47.  53.  48. 140.  79.
  16. 104.  96.  83.  89.  95.  77.  96. 141.  56. 122.  57.  48.  52.
  69.  78.  63.  95. 104.  66. 142. 105. 132.  74. 146.  66.  71.  39.
  25.  44.  58.  26.  28.  19.  19.  28.  27.  32.  24.  29.  67. 132.
  88.  55.  56.  97.  63.  64.  86. 113.  89. 125.  63.  90.  57.  87.
 118.  63.  62.  68.  70.  66.  45. 108.  57.  84.  70.  50.  48.  61.
  65.  84.  74.  78. 101. 141.  91.  93.  86.  92.  89. 115.  61.  86.
 153. 200. 200.  81.  92.  94.  86. 105. 200.  86.  54.  39.  64.  32.
 144. 101.  79. 105. 200. 130. 105. 200.  72. 133. 105. 200.  71.  77.
  69. 104.  88. 116. 110. 200.  78. 112.  68.  67.  84.  87. 151.  81.
  75. 144. 122.  53.  55.  61.  67.  83.  73.  69. 130.  46.  72. 137.
  58.  39.  42.  27.  39.  41.  31.  18.  29.  20.  18.  22.  23.  13.
  20.  15.  11.  18.  13.  13.  13.  11.  15.  14.   9.  11.  14.  10.
  16.  10.  15.  14.  18.  12.  16.  12.  16.  16.  19.  15.  11.  14.
  13.  19.  20.  13.]"
0.01,"[ 40.  13.  16.  21.  10.  29.  46.  83.  20.  31.  30.  32.  48.  80.
  73. 113. 170.  89. 129.  54.  65.  79.  29.  82.  76.  90. 200. 113.
 128. 179. 126. 125. 137.  30. 115. 115.  51.  82. 168.  56.  54.  66.
  96.  52.  17.  25.  15.   9.  11.   9.  13.  11.   9.  12.  16.  12.
   9.  16.  10.  15.  14.  10.  10.  14.  11.  13.  13.  13.  18.  17.
  13.  20.  21.  22.  19.  26.  19.  26.  23.  45. 200.  56.  85.  58.
  66.  69.  86.  70.  98.  80.  81.  86.  89.  76. 187. 190. 100. 146.
  97.  64.  76.  67.  32.  49.  31.  33.  44.  42.  29.  46.  57.  90.
  64.  52. 192.  67.  75.  93.  67.  51.  86.  55.  38.  35.  96.  68.
  47.  58.  70.  41.  60.  44.  52.  33.  55.  70. 117.  60.  88.  30.
  45.  45.  46.  34.  20.  33.  18.  19.  23.  36.  27.  16.  18.  20.
  20.  22.  23.  17.  21.  24.  26.  23.  26.  20.  19.  35.  44.  45.
 117.  41.  39.  36.  64. 107.  77.  58.  73. 134.  54.  58. 115.  93.
  91. 104. 109.  92.  55.  56.  58.  65.  72.  60.  54.  89.  29.  83.
  80.  51.  78.  68.]"
0.01,"[ 26.  73.  36.  73. 139.  87. 101.  17.  25.  10.  13.  18.  11.  15.
  17.  11.  13.  19.  19.  21.  26.  60.  86.  36.  38.  52.  81. 116.
 136. 192. 186. 174. 200.  99.  79.  89. 200.  58.  45.  28.  26.  32.
  19.  23.  25.  18.  19.  25.  20.  24.  17.  17.  28.  36.  30.  31.
  99.  63.  76.  60.  49.  64.  60. 171. 200.  86.  98.  49.  36. 117.
  54. 200.  42. 200.  54. 200.  84. 200.  77.  73. 138. 137. 200. 200.
 200. 200. 112.  92. 200.  29.  39.  89. 200.  78. 111. 200. 200. 102.
 131.  66.  89.  41.  46.  60.  44.  46.  51.  33.  59.  50.  36.  39.
  33.  41.  42.  98.  79. 166. 106.  88.  89.  96.  85. 105. 123. 105.
 200.  26.  19.  28.  33.  37.  48. 200.  93.  90.  79. 113.  81. 168.
  81.  56.  87. 200.  16.  26.  30.  19.  15.  14.  15.  21.  22.  20.
  27.  20.  24.  22.  20.  20.  21.  22.  20.  21.  18.  17.  17.  22.
  25.  25.  20.  16.  27.  24.  22.  32.  33.  24.  23.  44.  58.  34.
  31.  36.  43.  62.  89.  83. 105.  56.  42.  87.  42.  96.  64. 104.
  61.  54.  38.  39.]"
0.05,"[ 16.  11.  11.  13.  16.  27.  26.  19.  31.  30.  38. 119. 131.  25.
  23.  19.  18.  18.  14.  19.  17.  18.  22.  15.  20.  18.  19.  18.
  16.  15.  16.  14.  16.  15.  17.  24.  24.  27.  43.  39. 128.  86.
 200.  10.  10.  10.  11.   9.  11.   9.  10.   8.   9.  10.   8.   8.
  10.   9.  10.  11.  10.  10.  10.  12.  11.  11.  12.  10.   9.   9.
  13.  12.  10.  10.  13.  15.  14.  17.  18.  17.  19.  19.  28. 106.
  86.  85. 200.  63.  72.  61.  59.  53.  49.  46.  47.  50.  46.  39.
  39. 200.  73. 200. 200. 101. 200.  75. 199. 200.   9.  10.  11.  11.
   9.   9.   9.  10.  10.  10.  10.  10.  11.   9.  10.  11.  10.  10.
  10.  10.   9.   9.  12.  11.  10.  11.  10.   9.  10.  10.   9.  10.
  11.   9.   9.  11.  11.  12.   9.  10.  12.  12.  11.  13.  13.  11.
  10.  10.  13.  15.  17.  14.  13.  11.  13.  17.  16.  14.  16.  12.
  14.  19.  16.  21.  12.  14.  21.  19.  29.  16.  20.  19.  24.  25.
  20.  30.  38.  28.  29.  47.  39. 200. 200.  54. 200.  86.  42. 180.
  41.  68.  38.  84.]"
0.05,"[ 18.  26.  61. 125.  49.  88.  25.  42.  33.  17.  19.  17.  33.  36.
  28.  42.  44.  56. 182. 200.  23.  32.  23.  16.  15.  11.  10.  12.
  12.  13.  10.  18.  13.  13.  17.  25.  34.  47.  93. 200.  43.  19.
  17.  15.   9.  10.  13.  13.  18.  23.  17.  21.  28.  72.  74.  84.
  90.  72. 161. 105.  71.  62.  29.  18.  13.  10.  11.  15.  14.  11.
  11.  13.  17.  20.  16.  14.  19.  24.  15.  21.  18.  24.  34.  50.
 118.  93.  58.  31.  54.  35.  46.  65.  59.  76. 133.  97.  97.  75.
  36.  60.  40.  39.  82.  59.  79.  96.  83.  29.  51.  32.  56.  25.
 115.  27.  25.  27. 137.  39.  42.  67.  57.  87. 103.  80.  47.  43.
  42.  69.  72.  47.  50. 128.  29.  27.  29.  35.  30.  27.  31.  26.
  32.  30.  28.  31.  25.  31.  25.  25.  26.  28.  31.  27.  31.  27.
  24.  28.  36.  33.  33.  33.  28.  31.  28.  26.  30.  35.  29.  26.
  31.  32.  28.  33.  34.  31.  28.  32.  32.  30.  34.  34.  33.  35.
  27.  36.  32.  33.  35.  39.  32.  43.  35.  37.  36.  33.  35.  30.
  28.  39.  37.  29.]"
0.05,"[ 43. 149.  34.  46.  63.  41. 104.  94.  81. 109.  82. 112. 106. 173.
 200.  74. 188.  92. 200.  65.  85.  86.  96.  83.  69.  74.  74. 199.
  45.  66. 200. 200.  94.  73.  99. 114. 129. 195. 176. 200. 135. 157.
  82.  79.  81.  85.  88.  25.  16.  16.  17.  27.  29.  16.  16.  19.
  22.  15.  19.  18.  17.  25.  22.  26.  24.  30.  32.  31.  27.  62.
  32. 105. 198. 186. 180.  98. 186. 200. 200. 200.  13.  15.  11.  14.
  13.  13.  12.  13.  14.  15.  13.  15.  11.  15.  14.  15.  15.  16.
  15.  13.  16.  13.  11.  13.  14.  15.  11.  13.  14.  14.  16.  15.
  14.  14.  16.  16.  19.  16.  14.  17.  16.  15.  14.  16.  18.  17.
  16.  19.  16.  19.  18.  18.  18.  17.  20.  19.  15.  18.  15.  20.
  15.  22.  20.  46.  21.  18.  15.  17.  21.  22.  19.  22.  53.  22.
  25.  51.  19.  48.  48.  54.  53.  49.  52.  53.  53.  90. 200.  51.
 166. 200. 100. 200.  62. 200. 130. 123. 100. 200. 200. 200. 120. 200.
  73. 114. 182. 141. 200.  19.  22.  27.  31.  36.  59. 200.  10.  13.
  11.  11.  15.  15.]"
0.05,"[ 15.  10.  17.  34. 131. 111.  80.  58.  25.  32.  25.  21.  25.  20.
  30.  26.  27.  19.  16.  19.  18.  19.  23.  17.  15.  13.  15.  21.
  14.  19.  22.  18.  21.  22.  25.  27.  29.  29.  62. 200. 175. 200.
  43.  32.  22.  20.  19.  17.  44.  67. 200.  32.   9.   9.  10.  11.
  12.  13.  11.  17.  11.  14.  16.  14.  11.  19.  14.  18.  25.  44.
 200. 181. 200.  50.  34.  17.  13.  17.  15.  15.  15.  18.  36.  41.
 155.  58. 200.  22.  39.  67. 200. 200.  26.  26.  24.  23.  23.  20.
  13.  16.  18.  12.  13.  16.  22.  24.  18.  29.  27.  37.  98.  96.
  73. 200.  35.  50. 200.  67.  55. 200.  12.  11.   9.  10.   8.   9.
  12.  10.  11.   9.   9.  10.   8.   8.  11.   9.   9.  10.  11.  11.
   9.  11.  11.  13.  13.  14.  10.  12.  15.  14.  16.  18.  26.  38.
 200.  63. 108. 175. 200. 200.  51.  46.  40.  42.  48. 129. 200. 200.
 200. 200.  60.  56.  64. 106. 117. 200. 200. 200. 200.  19.  19.  20.
  18.  15.  14.  19.  20.  19.  19.  15.  17.  19.  23.  22.  42. 200.
  19.  14.  18.  15.]"
0.05,"[  9.  44.  56.  12.  14.  15.  11.  13.  12.  12.  17.  21.  22.  21.
  31.  69.  80.  15.  11.   8.  10.  11.  11.  10.  10.  10.  10.  11.
  11.  11.  12.  26.  19.  24.  41.  43.  96.  54.  80.  42.  76. 100.
  15.  23.  26.  21.  31.  33.  62.  96.  50.  39.  87. 120. 198. 200.
  20.  18.  16.  18.  15.  18.  17.  21.  14.  18.  17.  18.  14.  15.
  18.  18.  15.  16.  18.  17.  14.  19.  17.  17.  17.  18.  16.  14.
  14.  15.  11.  15.  16.  15.  14.  15.  12.  12.  17.  14.  12.  13.
  13.  11.  13.  14.  15.  14.  13.  15.  16.  16.  12.  15.  14.  16.
  17.  16.  16.  14.  13.  14.  18.  15.  18.  15.  15.  14.  17.  14.
  16.  14.  17.  16.  16.  19.  16.  17.  15.  19.  17.  20.  18.  19.
  19.  18.  21.  21.  18.  20.  23.  19.  20.  22.  19.  19.  20.  27.
  22.  16.  21.  25.  24.  24.  23.  26.  24.  22.  26.  22.  29.  26.
  22.  30.  59.  47.  12.  18.  40.  14.  40.  21.  40.  39.  46. 200.
  65. 153. 200.  25.  24.  54.  62.  58. 200.  60.  60. 200. 200. 193.
 194. 155. 155. 165.]"
0.05,"[ 28.  10.  70.  40. 136.  92.  22.  10.  10.  12.  11.  12.  14.  18.
  27.  50. 200.  17.  13.  11.  12.  15.  11.  13.  14.  11.  14.  16.
  13.  15.  16.  15.  11.  16.  13.  15.  16.  15.  22.  15.  15.  14.
  16.  21.  18.  20.  17.  22.  19.  22.  18.  24.  21.  25.  20.  20.
  29.  29.  21.  31.  24.  28.  26.  26.  30.  26.  35.  30.  27.  31.
  29.  39.  34.  59.  77.  64. 200.  67.  72.  85.  94. 182. 117. 142.
  55.  70.  90.  92.  79. 157.  93.  54.  59.  74.  49. 134.  90.  38.
  24.  11.  14.  15.  15.  14.  19.  11.  10.  10.  12.  20.  22.  19.
  21.  14.  15.  21.  19.  17.  28.  46. 104.  27.  18.  15.  24.  20.
  18.  22.  22.  27.  31.  42.  40.  68.  70. 119. 146.  80.  57.  44.
  52.  49.  39.  91.  32.  31.  25.  44.  48.  68.  90.  80. 109.  48.
  87.  83.  90.  92.  70.  85.  70.  62.  62.  66.  31.  91.  75.  42.
 101.  63.  45.  34.  81.  83.  77.  94.  68.  79.  70.  42.  53.  36.
  41.  51.  34.  46.  40.  58.  44.  80.  91.  92. 131. 106.  82.  68.
 141.  46. 138. 100.]"
0.05,"[ 25.  12.  12.   9.  10.  10.  15.  21.  12.  14.  14.  13.  13.  13.
  19.  26.  28.  34.  86. 174.  11.  11.  10.   9.  10.  10.  10.   9.
  12.   9.   9.   9.   9.  13.  13.  11.  18.  23.  67. 175.  75.  35.
  28.  32.  22.  28.  21.  25.  23. 107.  41.  41.  36.  82.  68. 130.
  62.  82.  70. 104.  66.  62.  56.  14.  17.  22.  49.  53.  54.  71.
 151. 200. 160. 106.  20.  10.  10.  10.  11.   9.   9.  15.  10.   9.
  10.  11.  13.  13.  13.  10.  13.  10.  11.  12.   9.  13.  11.  12.
  11.  10.  11.  13.  11.  13.  15.  12.  19.  11.  15.  14.  19.  15.
  12.  20.  22.  14.  16.  25.  30.  26.  27.  26.  27.  59.  81.  84.
  63. 107.  65.  75.  71. 130. 107.  68.  85.  87.  69.  82. 121.  86.
  74. 200. 115.  92.  72. 100. 128. 117.  65.  65. 189.  81.  93.  51.
  56. 131.  86.  82.  91.  73. 118. 107. 101. 107. 124.  80.  96. 200.
 200. 200.  21.  17.  23.  23.  53.  17.  18.  18.  16.  16.  16.  15.
  16.  18.  16.  15.  16.  18.  15.  15.  15.  17.  13.  14.  14.  16.
  15.  13.  14.  16.]"
0.05,"[  9. 101.  13.  11.  13.  13.  13.  16.  16.  15.  20.  22.  23.  29.
  30.  70. 200.  53. 112. 111.  51. 139.  69.  56.  47.  96.  64.  99.
 109.  45.  24.  20.  17.  20.  14.  13.  16.  16.  26.  30.  53. 107.
  86.  23.  24.  30.  28.  57.  21.  55.  21.  50.  56.  73.  78.  95.
 117. 173. 200.  59.  53.  26.  10.  10.  11.  10.  10.   9.   9.  11.
   9.  12.   8.  10.  12.  14.  14.  11.  14.  11.  19.  15.  17.  25.
  15.  22.  36.  61.  98.  90. 102. 149. 200. 200.  55.  43.  40.  17.
 200. 200.  17.  12.   9.  10.  11.  10.  11.  13.  11.  15.  18.  14.
  12.  12.  20.  14.  19.  18.  22.  25.  22.  33.  89. 200. 200.  57.
  16.  11.  11.  12.  11.  12.  16.  15.  15.  17.  15.  15.  13.  14.
  18.  15.  13.  12.  14.  14.  24.  15.  17.  24.  15.  17.  22.  21.
  18.  18.  16.  15.  24.  32.  38.  36.  43.  72. 200. 121. 200.  18.
  11.  16.  11.  16.  14.  12.  11.  15.  19.  18.  16.  16.  22.  20.
  20.  21.  20.  21.  18.  20.  22.  26.  26.  38.  28.  37.  44.  71.
  73.  44.  80.  44.]"
0.05,"[ 11. 115.  65. 174.  61.  22.  30.  18.  25.  23.  26.  23.  24.  33.
  39.  64. 177.  74.  27. 200.  58. 101.  63.  77.  55.  66.  89.  79.
  33.  17.  21.  16.  10.  12.  15.   9.  14.  11.  13.  14.  16.  15.
  22.  18.  42. 163.  24.  30.  65.  64.  92.  52. 126. 162.  70.  97.
  18.  17.  14.  13.  10.  12.  14.  13.  13.  12.  14.  10.   9.  11.
   9.  11.  16.  20.  13.  25.  21.  26.  30.  82.  44.  95. 106.  77.
  90. 126. 103.  69.  49.  83. 103.  28.  31.  36.  48.  29.  47.  91.
 110.  57. 168.  55.  76.  45.  64.  66.  73. 134. 140.  57.  43.  28.
  20.  12.  20.  13.  14.  16.  13.  12.  12.  11.   9.  10.  15.  12.
  11.  13.  16.  11.  16.  12.  14.  14.  21.  30.  18.  30.  37.  33.
  62.  55.  67. 107. 105.  35.  64.  19.  20.  18.  18.  30.  18.  18.
  17.  19.  17.  20.  22.  22.  27.  19.  28.  31.  20.  45.  41.  57.
  45. 150. 109.  57.  86.  39. 116.  51.  72. 108. 119.  89.  23.  26.
  30.  32.  27.  22.  33.  30.  26.  32.  28.  27.  27.  28.  28.  31.
  27.  27.  28.  23.]"
0.05,"[ 18.   9.  14.  12.  16.  27.  43.  38.  66.  60.  48.  64. 187.  25.
  22.  29.  23.  22.  17.  16.  16.  16.  13.  14.  14.  13.  15.  12.
  12.  13.  11.  14.  15.  13.  14.  12.  15.  14.  16.  15.  16.  13.
  20.  16.  24.  24.  30.  61. 200.   9.  11.  10.  10.   8.   9.  10.
   9.   9.  10.  11.   9.  11.  10.   9.  11.  10.  10.  10.  10.  11.
   9.  10.  11.  10.  10.  12.  10.  11.  11.  11.  11.  12.  12.  13.
  12.  10.  12.  10.  12.  12.  10.  12.  11.  11.  12.  11.  12.  11.
  13.  13.  14.  12.  12.  11.  11.  10.  15.  14.  12.  14.  15.  13.
  14.  13.  12.  11.  14.  14.  16.  15.  16.  14.  14.  13.  16.  16.
  15.  16.  16.  15.  17.  14.  16.  16.  18.  14.  15.  17.  17.  13.
  17.  17.  14.  18.  18.  15.  19.  15.  17.  20.  15.  19.  18.  15.
  17.  15.  18.  18.  16.  15.  19.  16.  17.  21.  18.  17.  20.  19.
  21.  18.  17.  18.  27.  23.  20.  16.  19.  22.  17.  30.  21.  18.
  23.  25.  22.  20.  21.  16.  22.  20.  20.  18.  22.  20.  22.  18.
  19.  22.  20.  18.]"
0.1,"[170. 102.  45. 126.  59.  79.  32.  28.  27.  35.  43.  42.  38. 162.
  17.  19.  39. 100.  16.  17.  20.  20.  19.  14.  15.  22.  18.  17.
  23.  25.  22.  35.  31.  41.  46.  40.  67. 104. 200.  14.  14.  13.
  15.  17.  18.  12.  17.  15.  14.  15.  14.  13.  12.  14.  17.  15.
  18.  16.  20.  17.  17.  19.  19.  14.  18.  17.  14.  18.  20.  19.
  17.  20.  20.  19.  19.  17.  17.  20.  20.  16.  19.  15.  20.  18.
  17.  14.  17.  16.  16.  20.  24.  19.  19.  21.  21.  22.  24.  18.
  20.  23.  26.  20.  25.  25.  22.  20.  28.  23.  27.  32.  22.  27.
  26.  27.  32.  61.  51.  52.  49.  57.  68.  73. 200.   8.   8.   9.
  10.   8.   9.   9.   8.   9.   9.   8.   9.   9.  10.  10.   8.  10.
   8.  10.   9.  10.   9.   9.   9.   9.  10.   8.  10.   9.   8.  10.
   8.   9.   9.  10.  10.   9.  10.  10.   9.   9.  11.   9.  10.  10.
  10.   9.   9.   9.  10.   9.  10.   9.  10.  10.   9.   8.  10.   9.
   9.   9.  10.  10.   9.  11.   9.   9.  10.   9.  10.   9.  11.   9.
  10.   9.   9.  10.]"
0.1,"[ 16.  11.  10.  14.  17.  16.  11.  16.  15.  17.  15.  17.  28.  39.
  27.  26.  24.  33.  26.  28.  29.  39.  38. 111.  82.  11.  11.  12.
  11.  11.  11.  10.  11.  11.  11.  10.  12.  12.  13.  12.  11.  13.
  13.  10.  14.  11.  14.  14.  16.  20.  16.  14.  16.  17.  16.  17.
  15.  16.  16.  17.  20.  18.  18.  18.  22.  18.  22.  20.  18.  21.
  23.  19.  23.  30.  26.  22.  25.  23.  25.  25.  30.  28.  44.  74.
  59.  62.  77.  80.  95. 133. 100. 125.  88.  66.  81. 132.  59. 102.
  71.  86.  57.  61.  36.  17.  44. 121.  31.  22.  25.  29.  16.  23.
  20.  17.  21.  22.  20.  15.  15.  19.  23.  22.  25.  28.  43.  59.
  17.  15.  23.  18.  27.  37.  18.  25.  27.  28.  35.  47. 111.  69.
 101. 111.  78. 107. 107.  99. 186. 108.  59.  97. 129. 200.  50.  48.
  42. 101. 107. 115. 115. 182. 131. 129. 116. 113. 200. 144. 200.  75.
  46.  50.  49.  26.  27.  25.  21.  19.  23.  32.  35.  32.  26.  27.
  42.  34.  35.  44.  55. 123. 116.  95. 136. 176. 177. 181. 157. 200.
 154.  87.  91.  84.]"
0.1,"[ 10.  36. 161.  20.  22.  16.  22.  16.  19.  17.  17.  17.  20.  21.
  21.  17.  18.  21.  21.  27.  19.  27.  29.  32.  45.  32.  32.  27.
  68.  52.  89.  30.  29.  47.  60.  41.  34.  40.  50.  78.  28.  38.
  32.  33.  36.  72.  43.  74. 172.  34.  45.  32.  49.  61.  45.  61.
  70. 121. 137. 155.  47. 101. 138. 178.  88.  17.  17.  25.  26.  23.
  29.  22.  19.  41.  44.  95.  99.  76.  79.  82.  74.  69.  62.  63.
  72.  61.  72.  74.  66.  72.  70.  72.  70.  77. 106.  96. 106. 161.
 105. 200.  10.  11.  10.  11.   9.  10.  11.   8.  10.  11.   8.  11.
   8.   9.  11.   8.  10.  10.  10.   9.   8.   9.   9.  10.   9.  10.
  10.   8.  10.   9.  10.   9.   8.  11.   9.  11.  11.   9.  10.  10.
   9.  10.  11.  11.  10.   9.   9.  10.   9.   8.   8.  10.  11.  11.
   9.   8.   9.   9.   9.   9.  10.  10.  10.  11.   9.  10.  10.  10.
   9.   8.  10.   9.   8.   9.   8.   9.  10.   9.   9.   8.  11.   9.
  10.   8.  10.   9.   8.  10.   9.   9.   9.  10.   9.  10.   9.   9.
  10.  10.  10.   9.]"
0.1,"[ 14.  12.  85.  35. 125.  21.  16.  18.  16.  27.  32.  38.  48.  48.
  76.  78.  38.  70.  49.  51.  86. 200.  28.  31.  31.  27.  27.  20.
  23.  23.  18.  16.  20.  19.  16.  16.  13.  15.  15.  14.  14.  10.
  12.  13.  11.  14.  14.  14.  15.  17.  15.  13.  15.  13.  13.  12.
  17.  15.  16.  17.  13.  14.  12.  16.  17.  16.  17.  15.  17.  19.
  19.  21.  17.  15.  15.  16.  14.  16.  15.  17.  15.  14.  18.  15.
  14.  19.  16.  19.  19.  17.  17.  19.  20.  18.  17.  18.  20.  18.
  20.  19.  19.  21.  20.  25.  24.  24.  28.  24.  28.  30.  33.  65.
 200.  56. 200. 167. 156.  79.  65.  57. 134. 200.  17.  15.  16.  12.
  12.  14.  10.  12.  17.  15.  16.  15.  15.  19.  16.  16.  18.  18.
  19.  18.  21.  20.  23.  29.  31.  83.  63.  57.  58.  55.  58.  58.
  67.  68.  60. 172. 117. 181. 122. 149. 140.  76.  54.  46.  30.  32.
  28.  20.  16.  14.  18.  12.  16.  15.  10.  15.  13.  10.  11.  12.
  13.  10.  14.  12.  18.  19.  12.  12.  14.  15.  11.  14.  15.  22.
  28.  27.  27.  26.]"
0.1,"[ 31.  47.  26.  98.  25.  18.  11.  12.  13.   9.  11.  13.  14.  18.
  33.  52.  74. 128.  98. 121. 200.  90.  80.  87.  66. 200.  11.   9.
  10.   9.  10.  10.  10.   9.  10.   9.  10.   8.   9.  11.  10.  10.
  11.  10.   9.  11.   9.   9.  10.  11.  11.  10.   9.  10.  11.  11.
  11.  10.  10.   9.  11.  11.  10.  10.  11.  10.  11.  12.  10.  10.
  11.  11.   9.  11.  12.  12.   9.  11.   9.  11.  12.  10.  10.  11.
  12.  10.  12.  11.  12.  10.  13.  12.  12.  10.  12.  10.  13.  13.
  11.  10.  12.  11.  11.  13.  11.  13.  13.  12.  11.  11.  14.  12.
  13.  12.  15.  11.  14.  15.  14.  12.  13.  11.  12.  15.  13.  11.
  13.  15.  12.  14.  12.  11.  13.  14.  14.  12.  13.  12.  14.  12.
  13.  15.  13.  16.  13.  15.  15.  14.  15.  13.  14.  12.  15.  15.
  15.  15.  15.  13.  16.  17.  18.  17.  18.  16.  14.  15.  16.  14.
  14.  16.  15.  15.  14.  15.  14.  17.  14.  16.  13.  17.  18.  14.
  20.  16.  13.  14.  18.  15.  13.  15.  14.  14.  15.  15.  14.  14.
  15.  15.  16.  15.]"
0.1,"[ 11.  21.  23.  13.  11.  86.  15.  13.  10.  10.  11.  10.  18.  14.
  14.  21.  30.  27.  35.  46. 194. 200. 200. 200. 111.  29.  24.  17.
  12.   8.  11.  12.  12.   9.  11.  11.  11.  12.  13.  14.  14.  16.
  21.  30.  62.  90. 200.  30.  28.  17.  24.  24.  37.  45.  58. 200.
  70.  31.  32.  31.  17.  16.  13.  13.  10.   8.   9.   9.  10.  10.
  11.  11.  10.  10.  13.  16.  14.  15.  15.  13.  15.  16.  15.  17.
  15.  23.  22.  39.  69.  55. 200. 115. 114.  59.  51.  69.  63.  77.
  64.  89.  53.  62. 161. 100.  88.  75.  64.  23.  24.  24.  27.  18.
  25.  18.  21.  15.  20.  30.  13.  11.  13.  29.  15.  18.  18.  15.
  21.  23.  22.  23.  15.  18.  26.  23.  26.  21.  29.  21.  21.  30.
  36.  50.  89.  93.  96.  84.  80.  86.  85. 200. 142. 200. 200. 200.
  70. 200.  58.  55.  63. 200.  62.  71.  64.  70.  70. 200.  93. 200.
 200. 200. 182. 119. 168. 116. 137.  78. 105. 140. 124. 200. 200. 200.
 200. 200. 200. 188. 126. 200. 200. 200.  81.  87. 104. 103. 176.  69.
  68.  69.  62.  62.]"
0.1,"[ 16.  21.  28.  22. 129.  32.  50.  71. 200.  88.  10.  10.   8.   9.
  10.   9.   9.  10.  10.  11.  10.   9.   9.   9.  10.  10.   9.  10.
  11.  11.   9.   8.   8.   9.  11.  12.  12.  12.  12.  12.  10.  13.
  13.  13.  14.  14.  14.  15.  17.  23.  15.  25.  15.  39.  39.  38.
  44. 163.  61.  73. 102.  91. 200.  60.  59.  52.  60.  77.  93. 116.
 125.  89.  32. 136.  51.  69.  74. 104.  89.  79. 103.  14.  21.  20.
  11.  13.  15.  14.  10.  10.  11.  13.  10.  11.  11.  14.  10.  12.
  15.  12.  14.  14.  16.  17.  14.  19.  17.  24.  18.  20.  17.  21.
  19.  20.  23.  16.  14.  15.  26.  17.  24.  20.  26.  29.  27.  40.
  46. 158.  74.  62.  83. 200. 105.  25.  20.  20.  15.  21.  19.  12.
  16.  16.  18.  15.  14.  12.  18.  13.  12.  17.  15.  16.  23.  12.
  19.  13.  19.  26.  26.  20.  27.  28.  24.  13.  26.  24.  22.  18.
  19.  29.  47.  32. 110.  65.  94.  84.  78.  86.  76.  95.  62. 126.
  79. 200.  86.  91.  33.  37.  33.  33.  23.  36.  27.  39.  29.  31.
  37.  35.  37.  39.]"
0.1,"[ 23. 142.  17.  19.  16.  26.  18.  14.  12.  15.  17.  22.  19.  16.
  14.  18.  22.  27.  28.  25.  34.  63.  82.  63.  99.  97.  91.  23.
  14.  22.  25.  63.  19.  25.  30.  64.  66. 106. 110. 127. 168. 103.
  94. 191.  88.  86. 103. 200. 117.  85.  64. 200. 200.  75.  83. 200.
  91. 108. 160. 200. 143. 145.  59.  71.  74.  62.  53.  66.  73.  76.
  84.  92.  59.  94.  95. 177.  73.  60.  33.  33.  23.  18.  23.  20.
  20.  22.  15.  24.  24.  21.  19.  18.  20.  32.  45.  68. 155. 119.
  97.  71.  74.  87. 107.  98.  72.  73.  97. 110.  71.  90. 168. 146.
 142.  18.  19.  16.  15.  20.  20.  19.  44.  66.  29.  26.  61. 128.
  65.  61.  79.  79.  70.  80.  80.  81.  75.  79.  94.  95.  80. 121.
  89.  72. 108. 122. 130. 185.  57.  47.  16.  19.  17.  18.  14.  23.
  19.  15.  21.  17.  20.  15.  26.  21.  21.  30.  16.  24.  19.  19.
  21.  22.  23.  21.  26.  28.  31.  17.  22.  28.  26.  26.  31.  34.
  34.  43.  39.  46.  70.  37.  38.  53.  34.  46.  37.  26.  20.  23.
  20.  17.  21.  22.]"
0.1,"[196.  22.  21.  18.  14.  12.  11.  10.  12.  13.  14.  14.  16.  16.
  16.  19.  15.  19.  24.  39.  21.  21.  33.  41.  35.  66.  92. 107.
  38. 196.  54.  35.  51.  27.  50.  39.  32.  50.  49.  62.  58.  23.
  56.  55.  60.  94. 106.  84. 140.  79.  78. 147. 151. 114. 200. 101.
 138. 200. 165.  84. 110.  82.  81. 179. 108. 199. 200.  62.  52.  55.
  54.  63. 200. 200. 200.  68.  36.  22.  17.  13.  12.  10.  15.  15.
  11.  10.  16.  15.  11.  12.  16.  16.  19.  13.  16.  20.  18.  25.
  26.  25.  22.  22.  22.  31.  37.  98.  68.  29.  17.  18.  19.  15.
  18.  15.  15.  11.  12.  17.  18.  12.  18.  11.  13.  14.  20.  20.
  15.  22.  25.  17.  19.  36.  56.  63.  86.  44.  26.  22.  25.  24.
  19.  29.  35.  26.  44.  61.  19.  17.  28.  29.  31.  20.  16.  17.
  23.  17.  16.  14.  18.  18.  18.  16.  19.  16.  22.  18.  18.  30.
  19.  37.  48. 104. 102. 165. 115. 156. 200.  23.  16.  20.  22.  19.
  21.  28.  27.  55.  63.  87. 144. 144. 192.  84. 131.  73.  97.  94.
 118. 118.  28.  35.]"
0.1,"[ 13. 133. 131. 184.  35. 105.  53.  44.  80.  43.  39.  71.  79. 143.
  26.  36.  39.  40.  38.  84.  54.  59.  26.  63.  19.  35.  21.  10.
  10.  10.   9.   9.   9.   8.  12.   9.  13.  12.  14.  21.  14.  15.
  16.  17.  25.  32.  40.  47.  69.  20.  28.  34.  33.  49.  44.  48.
  47.  41.  53.  54. 114.  28.  16.  16.  27.  13.  13.  20.  17.  14.
  18.  20.  32.  16.  21.  19.  16.  17.  16.  20.  18.  58.  32.  39.
  36.  65.  47.  68.  53.  60. 137.  66.  46.  90.  86.  56.  65.  40.
  61.  32.  27.  38.  31.  32.  16.  20.  21.  19.  20.  29.  22.  39.
  31.  28.  24.  23.  34. 106.  32. 108.  37.  34.  27.  20.  16.  26.
  23.  20.  32.  28.  20.  29.  33.  54.  43.  44.  46.  38.  75.  15.
  13.  17.  22.  19.  27.  20.  26.  15.  13.  17.  16.  13.  16.  14.
  15.  17.  28.  15.  19.  11.  21.  15.  16.  16.  11.  20.  23.  16.
  15.  22.  19.  25.  17.  32.  37.  37. 116.  56.  72. 142. 144. 146.
  60.  55.  79. 128.  58.  93.  26.  21.  28.  25.  31.  21.  30.  30.
  18.  22.  29.  36.]"
